date,cbp_apprehended,cbp_custody,cbp_transferred,hhs_care,hhs_discharged,total_system_load,net_daily_intake,hhs_growth_rate_pct,hhs_care_7day_avg,hhs_care_14day_avg,cumulative_net_intake,discharge_offset_ratio,is_stress_day,volatility_14day,month_num,quarter,quarter_label,year,net_intake_pressure,volatility_index,backlog_rate,discharge_offset_30day
2023-01-12,33.0,53.0,34.0,6566,436.0,6619.0,-402.0,,,,-402.0,12.823529411764707,0,,1,1,Q1,2023,,,,
2023-01-22,32.0,49.0,39.0,7122,227.0,7171.0,-188.0,8.467864757843447,,,-590.0,5.82051282051282,0,,1,1,Q1,2023,,,,
2023-01-23,32.0,50.0,39.0,7280,181.0,7330.0,-142.0,2.218477955630438,,,-732.0,4.641025641025641,0,,1,1,Q1,2023,,,,
2023-01-24,47.0,42.0,47.0,7433,175.0,7475.0,-128.0,2.101648351648344,,,-860.0,3.723404255319149,0,,1,1,Q1,2023,,,,
2023-01-25,20.0,22.0,41.0,7538,180.0,7560.0,-139.0,1.412619399973103,,,-999.0,4.390243902439025,0,,1,1,Q1,2023,,,,
2023-01-29,23.0,45.0,11.0,7472,303.0,7517.0,-292.0,-0.8755638100291896,,,-1291.0,27.545454545454547,0,,1,1,Q1,2023,,,,
2023-01-30,34.0,54.0,29.0,7743,196.0,7797.0,-167.0,3.626873661670227,7307.714285714285,,-1458.0,6.758620689655173,0,,1,1,Q1,2023,,,,
2023-01-31,26.0,36.0,36.0,7803,158.0,7839.0,-122.0,0.7748934521503381,7484.428571428572,,-1580.0,4.388888888888889,0,,1,1,Q1,2023,,,,
2023-02-01,25.0,32.0,27.0,7903,231.0,7935.0,-204.0,1.281558374983982,7596.0,,-1784.0,8.555555555555555,0,,2,1,Q1,2023,,,,
2023-02-02,15.0,13.0,23.0,7879,298.0,7892.0,-275.0,-0.3036821460205008,7681.571428571428,,-2059.0,12.956521739130435,0,,2,1,Q1,2023,,,,
2023-02-05,16.0,18.0,15.0,7586,342.0,7604.0,-327.0,-3.7187460337606337,7703.428571428572,,-2386.0,22.8,0,,2,1,Q1,2023,,,,
2023-02-06,11.0,22.0,12.0,7720,196.0,7742.0,-184.0,1.7664118112312055,7729.428571428572,,-2570.0,16.333333333333332,0,,2,1,Q1,2023,,,,
2023-02-07,16.0,20.0,20.0,7855,200.0,7875.0,-180.0,1.7487046632124414,7784.142857142857,,-2750.0,10.0,0,,2,1,Q1,2023,,,,
2023-02-08,93.0,196.0,169.0,7915,317.0,8111.0,-148.0,0.7638446849140612,7808.714285714285,7558.214285714285,-2898.0,1.8757396449704142,0,375.58839553045675,2,1,Q1,2023,,,,
2023-02-09,124.0,234.0,161.0,7908,353.0,8142.0,-192.0,-0.0884396715097879,7823.714285714285,7654.071428571428,-3090.0,2.1925465838509317,0,254.66220893438575,2,1,Q1,2023,,,,
2023-02-12,92.0,203.0,173.0,7434,317.0,7637.0,-144.0,-5.993930197268593,7756.714285714285,7676.357142857143,-3234.0,1.8323699421965318,0,215.09661769785,2,1,Q1,2023,,,,
2023-02-13,186.0,259.0,172.0,7483,244.0,7742.0,-72.0,0.6591337099811634,7700.142857142857,7690.857142857143,-3306.0,1.4186046511627908,0,191.9153888658139,2,1,Q1,2023,,,,
2023-02-14,154.0,225.0,220.0,7794,223.0,8019.0,-3.0,4.156087130829889,7729.857142857143,7716.642857142857,-3309.0,1.0136363636363637,0,178.37928783821962,2,1,Q1,2023,,,,
2023-02-15,91.0,199.0,172.0,7869,290.0,8068.0,-118.0,0.9622786759045489,7751.142857142857,7740.285714285715,-3427.0,1.686046511627907,0,174.7796100462299,2,1,Q1,2023,,,,
2023-02-16,81.0,213.0,153.0,7793,361.0,8006.0,-208.0,-0.9658152242978724,7742.285714285715,7763.214285714285,-3635.0,2.3594771241830066,0,157.03119659257783,2,1,Q1,2023,,,,
2023-02-20,209.0,285.0,184.0,7817,209.0,8102.0,-25.0,0.3079686898498579,7728.285714285715,7768.5,-3660.0,1.1358695652173914,0,157.54303441380011,2,1,Q1,2023,,,,
2023-02-21,184.0,314.0,217.0,7967,213.0,8281.0,4.0,1.918894716643216,7736.714285714285,7780.214285714285,-3656.0,0.9815668202764977,0,166.16682005717087,2,1,Q1,2023,,,,
2023-02-22,107.0,215.0,230.0,7978,232.0,8193.0,-2.0,0.138069536839458,7814.428571428572,7785.571428571428,-3658.0,1.008695652173913,0,171.55161335282202,2,1,Q1,2023,,,,
2023-02-23,101.0,162.0,178.0,7914,386.0,8076.0,-208.0,-0.8022060666833752,7876.0,7788.071428571428,-3866.0,2.168539325842697,0,173.26434418839054,2,1,Q1,2023,,,,
2023-02-26,99.0,190.0,176.0,7609,323.0,7799.0,-147.0,-3.853929744756124,7849.571428571428,7789.714285714285,-4013.0,1.8352272727272727,0,171.29885201978672,2,1,Q1,2023,,,,
2023-02-27,167.0,239.0,166.0,7800,248.0,8039.0,-82.0,2.510185306873436,7839.714285714285,7795.428571428572,-4095.0,1.4939759036144578,0,170.1247118510937,2,1,Q1,2023,,,,
2023-02-28,115.0,216.0,169.0,7896,200.0,8112.0,-31.0,1.2307692307692353,7854.428571428572,7798.357142857143,-4126.0,1.183431952662722,0,171.57577699881566,2,1,Q1,2023,,,,
2023-03-01,84.0,158.0,193.0,7930,307.0,8088.0,-114.0,0.4305977710233,7870.571428571428,7799.428571428572,-4240.0,1.5906735751295338,0,172.4050303949817,3,1,Q1,2023,,,,
2023-03-02,130.0,227.0,192.0,7870,335.0,8097.0,-143.0,-0.7566204287515754,7856.714285714285,7796.714285714285,-4383.0,1.7447916666666667,0,170.85640780465963,3,1,Q1,2023,,,,
2023-03-07,88.0,214.0,160.0,7859,259.0,8073.0,-99.0,-0.1397712833545061,7839.714285714285,7827.071428571428,-4482.0,1.61875,0,135.56461092875102,3,1,Q1,2023,-1.901,3.9613,,2.2961
2023-03-08,113.0,208.0,159.0,7885,291.0,8093.0,-132.0,0.3308308945158433,7835.571428571428,7855.785714285715,-4614.0,1.830188679245283,0,92.95919582220913,3,1,Q1,2023,-1.7806,2.846,-140.4,2.1756
2023-03-09,174.0,285.0,150.0,7786,340.0,8071.0,-190.0,-1.2555485098287855,7860.857142857143,7855.214285714285,-4804.0,2.2666666666666666,0,93.39179553112368,3,1,Q1,2023,-1.8041,2.4145,-140.4667,2.1408
2023-03-13,104.0,230.0,206.0,7567,249.0,7797.0,-43.0,-2.812740816850756,7827.571428571428,7833.642857142857,-4847.0,1.2087378640776698,0,120.81429305588513,3,1,Q1,2023,-1.8127,2.169,-137.1667,2.0658
2023-03-14,147.0,276.0,214.0,7810,181.0,8086.0,33.0,3.2113122769922064,7815.285714285715,7834.857142857143,-4814.0,0.8457943925233645,0,120.45928590374193,3,1,Q1,2023,-1.6876,2.0095,-131.8,1.9816
2023-03-15,108.0,220.0,213.0,7915,286.0,8135.0,-73.0,1.3444302176696563,7813.142857142857,7841.857142857143,-4887.0,1.3427230046948357,0,122.17695687488957,3,1,Q1,2023,-1.6374,1.942,-129.6,1.9257
2023-03-16,180.0,280.0,146.0,7989,308.0,8269.0,-162.0,0.934933670246374,7830.142857142857,7843.428571428572,-5049.0,2.1095890410958904,0,124.0376582306377,3,1,Q1,2023,-1.568,1.8289,-125.2667,1.8669
2023-03-19,134.0,294.0,186.0,7885,306.0,8179.0,-120.0,-1.301789961196642,7833.857142857143,7836.785714285715,-5169.0,1.6451612903225807,0,118.64956713035092,3,1,Q1,2023,-1.5688,1.8288,-123.7,1.8261
2023-03-20,202.0,313.0,158.0,7931,279.0,8244.0,-121.0,0.5833861762840842,7840.428571428572,7838.0,-5290.0,1.7658227848101267,0,119.5838939502622,3,1,Q1,2023,-1.5593,1.8478,-123.6667,1.8041
2023-03-21,110.0,272.0,193.0,8050,221.0,8322.0,-28.0,1.5004413062665425,7878.142857142857,7869.5,-5318.0,1.145077720207254,0,112.4946152557452,3,1,Q1,2023,-1.4634,1.9153,-117.8,1.7393
2023-03-22,166.0,277.0,229.0,8097,246.0,8374.0,-17.0,0.5838509316770102,7953.857142857143,7890.714285714285,-5335.0,1.074235807860262,0,125.61873241704629,3,1,Q1,2023,-1.3486,2.0142,-109.2,1.657
2023-03-23,136.0,276.0,178.0,8102,331.0,8378.0,-153.0,0.0617512659009555,7995.571428571428,7905.428571428572,-5488.0,1.8595505617977528,0,137.76329436654999,3,1,Q1,2023,-1.2762,2.0169,-103.4,1.6024
2023-03-26,87.0,246.0,173.0,7847,352.0,8093.0,-179.0,-3.147371019501355,7985.857142857143,7899.5,-5667.0,2.0346820809248554,0,138.40895368991826,3,1,Q1,2023,-1.3156,1.9924,-103.2333,1.5832
2023-03-27,84.0,171.0,157.0,7994,235.0,8165.0,-78.0,1.873327386262269,7986.571428571428,7908.357142857143,-5745.0,1.4968152866242037,0,140.3301640598141,3,1,Q1,2023,-1.2489,2.0184,-99.8333,1.5498
2023-03-28,167.0,209.0,157.0,8079,223.0,8288.0,-66.0,1.0632974731048297,8014.285714285715,7924.071428571428,-5811.0,1.4203821656050954,0,146.5576622072269,3,1,Q1,2023,-1.2019,2.0786,-97.1,1.536
2023-03-29,109.0,245.0,159.0,8208,267.0,8453.0,-108.0,1.596732268845158,8053.857142857143,7947.142857142857,-5919.0,1.679245283018868,0,164.28533205879776,3,1,Q1,2023,-1.1489,2.2243,-94.3,1.5207
2023-03-30,156.0,256.0,176.0,8158,359.0,8414.0,-183.0,-0.6091617933723148,8069.285714285715,7973.714285714285,-6102.0,2.039772727272727,0,166.28864088659512,3,1,Q1,2023,-1.1719,2.0525,-95.6,1.5276
2023-04-02,125.0,232.0,192.0,7981,304.0,8213.0,-112.0,-2.169649423878406,8052.714285714285,8003.285714285715,-6214.0,1.5833333333333333,0,118.27895877082585,4,2,Q2,2023,-1.2146,1.8026,-96.9333,1.533
2023-04-03,118.0,139.0,168.0,8054,284.0,8193.0,-116.0,0.9146723468236972,8045.857142857143,8020.714285714285,-6330.0,1.6904761904761905,0,104.81810513853821,4,2,Q2,2023,-1.2503,1.8062,-100.7,1.559
2023-04-04,142.0,235.0,139.0,8068,259.0,8303.0,-120.0,0.1738266699776502,8077.428571428572,8031.642857142857,-6450.0,1.8633093525179856,0,100.8491692829115,4,2,Q2,2023,-1.249,1.831,-100.7667,1.5628
2023-04-05,148.0,245.0,175.0,8175,260.0,8420.0,-85.0,1.3262270699057943,8103.285714285715,8044.928571428572,-6535.0,1.4857142857142858,0,106.87121241922138,4,2,Q2,2023,-1.1825,1.884,-96.6667,1.5377
2023-04-06,119.0,219.0,210.0,8178,284.0,8397.0,-74.0,0.0366972477064297,8117.428571428572,8065.857142857143,-6609.0,1.3523809523809525,0,101.70761800591775,4,2,Q2,2023,-1.202,1.9335,-98.3,1.5442
2023-04-09,105.0,210.0,149.0,7900,329.0,8110.0,-180.0,-3.3993641477133796,8073.428571428572,8063.642857142857,-6789.0,2.208053691275168,0,105.14869116040099,4,2,Q2,2023,-1.3219,1.9375,-104.4333,1.5855
2023-04-10,143.0,203.0,163.0,7826,265.0,8029.0,-102.0,-0.9367088607594942,8026.0,8047.642857142857,-6891.0,1.6257668711656441,0,122.92437146025742,4,2,Q2,2023,-1.377,1.9583,-107.7667,1.6118
2023-04-11,119.0,209.0,152.0,7922,187.0,8131.0,-35.0,1.2266802964477463,8017.571428571428,8035.142857142857,-6926.0,1.230263157894737,0,126.36872613527957,4,2,Q2,2023,-1.2876,1.9576,-102.0,1.582
2023-04-12,155.0,212.0,181.0,7876,283.0,8088.0,-102.0,-0.5806614491290052,7992.142857142857,8019.0,-7028.0,1.5635359116022098,0,131.50197424665419,4,2,Q2,2023,-1.276,1.7943,-100.5,1.5729
2023-04-13,109.0,214.0,173.0,7795,370.0,8009.0,-197.0,-1.028440832910105,7953.142857142857,8015.285714285715,-7225.0,2.138728323699422,0,137.3386765915217,4,2,Q2,2023,-1.3385,1.7967,-104.3333,1.5939
2023-04-16,191.0,283.0,192.0,7380,272.0,7663.0,-80.0,-5.32392559332906,7839.571428571428,7971.428571428572,-7305.0,1.4166666666666667,0,218.63412158416182,4,2,Q2,2023,-1.4359,2.2318,-105.9667,1.6006
2023-04-17,170.0,297.0,196.0,7344,248.0,7641.0,-52.0,-0.4878048780487809,7720.428571428572,7918.928571428572,-7357.0,1.2653061224489797,0,272.44179739355786,4,2,Q2,2023,-1.4148,2.6226,-103.9,1.5886
2023-04-18,152.0,272.0,214.0,7376,234.0,7648.0,-20.0,0.4357298474945592,7645.571428571428,7859.5,-7377.0,1.0934579439252337,0,294.3942280997738,4,2,Q2,2023,-1.353,2.9104,-99.8,1.563
2023-04-19,239.0,367.0,224.0,7356,229.0,7723.0,-5.0,-0.2711496746203856,7578.428571428572,7802.214285714285,-7382.0,1.0223214285714286,0,309.4847277383772,4,2,Q2,2023,-1.3141,3.1778,-96.6667,1.5388
2023-04-20,113.0,280.0,237.0,7490,320.0,7770.0,-83.0,1.8216421968461072,7516.714285714285,7767.142857142857,-7465.0,1.350210970464135,0,315.4293428482383,4,2,Q2,2023,-1.2688,3.312,-95.0333,1.5222
2023-04-23,196.0,306.0,187.0,7534,266.0,7840.0,-79.0,0.5874499332443328,7467.857142857143,7730.0,-7544.0,1.4224598930481283,0,309.61489727625536,4,2,Q2,2023,-1.2123,3.4022,-91.3333,1.4985
2023-04-24,236.0,330.0,222.0,7796,213.0,8126.0,9.0,3.47756835678259,7468.0,7710.571428571428,-7535.0,0.9594594594594594,0,294.96093986146326,4,2,Q2,2023,-1.1493,3.3287,-89.6,1.4876
2023-04-25,81.0,230.0,242.0,8017,202.0,8247.0,40.0,2.834787070292455,7559.0,7699.285714285715,-7495.0,0.8347107438016529,0,278.38087593783075,4,2,Q2,2023,-1.1147,3.3395,-89.3667,1.4838
2023-04-26,118.0,245.0,160.0,8117,256.0,8362.0,-96.0,1.2473493825620574,7669.428571428572,7694.928571428572,-7591.0,1.6,0,270.6827448354442,4,2,Q2,2023,-1.1104,3.3817,-90.1333,1.4927
2023-04-27,218.0,283.0,208.0,8159,310.0,8442.0,-102.0,0.5174325489712972,7781.285714285715,7713.428571428572,-7693.0,1.4903846153846154,0,293.65278143405646,4,2,Q2,2023,-1.0802,3.431,-88.1333,1.4764
2023-04-30,132.0,243.0,183.0,8352,293.0,8595.0,-110.0,2.3654859664174577,7923.571428571428,7751.0,-7803.0,1.6010928961748634,0,339.2700308694465,4,2,Q2,2023,-1.0512,3.5866,-87.8,1.4749
2023-05-01,224.0,315.0,152.0,8492,237.0,8807.0,-85.0,1.676245210727978,8066.714285714285,7791.714285714285,-7888.0,1.5592105263157894,0,391.54397111778167,5,2,Q2,2023,-1.0198,3.8251,-86.6,1.4689
2023-05-02,167.0,326.0,213.0,8654,245.0,8980.0,-32.0,1.9076778144135664,8226.714285714286,7847.285714285715,-7920.0,1.1502347417840375,0,454.56529167502964,5,2,Q2,2023,-1.0022,4.1612,-86.7333,1.4679
2023-05-03,209.0,353.0,232.0,8704,267.0,9057.0,-35.0,0.5777675063554533,8356.42857142857,7912.214285714285,-7955.0,1.1508620689655173,0,508.26933783203907,5,2,Q2,2023,-1.0034,4.4913,-87.3333,1.4709
2023-05-04,153.0,253.0,286.0,8790,332.0,9043.0,-46.0,0.9880514705882248,8466.857142857143,8012.928571428572,-8001.0,1.1608391608391608,0,533.7558451181596,5,2,Q2,2023,-0.953,4.853,-83.7667,1.4431
2023-05-07,180.0,337.0,219.0,8485,375.0,8822.0,-156.0,-3.469852104664395,8519.42857142857,8094.428571428572,-8157.0,1.7123287671232876,0,510.3568456385274,5,2,Q2,2023,-0.9782,4.9578,-83.0,1.4355
2023-05-08,133.0,287.0,189.0,8590,261.0,8877.0,-72.0,1.2374779021803173,8581.0,8181.142857142857,-8229.0,1.380952380952381,0,481.2015181801674,5,2,Q2,2023,-0.9639,5.1187,-82.8,1.432
2023-05-09,187.0,310.0,247.0,8606,250.0,8916.0,-3.0,0.1862630966239731,8617.285714285714,8270.42857142857,-8232.0,1.0121457489878543,0,429.51219455880545,5,2,Q2,2023,-0.9377,5.2726,-80.7,1.4146
2023-05-10,168.0,285.0,210.0,8681,304.0,8966.0,-94.0,0.8714850104578176,8644.285714285714,8355.5,-8326.0,1.4476190476190476,0,377.89187505259275,5,2,Q2,2023,-0.9242,5.4453,-80.2333,1.4086
2023-05-11,269.0,412.0,204.0,8672,392.0,9084.0,-188.0,-0.1036746918557818,8646.857142857143,8436.785714285714,-8514.0,1.9215686274509804,0,302.45614521813604,5,2,Q2,2023,-0.9271,5.6033,-80.4,1.4075
2023-05-14,100.0,255.0,236.0,8445,288.0,8700.0,-52.0,-2.617619926199266,8609.857142857143,8483.142857142857,-8566.0,1.2203389830508475,0,239.9698241102626,5,2,Q2,2023,-0.9284,5.6475,-78.4,1.3944
2023-05-15,205.0,294.0,177.0,8571,277.0,8865.0,-100.0,1.492007104795734,8578.57142857143,8522.714285714286,-8666.0,1.5649717514124293,0,199.44516445972585,5,2,Q2,2023,-0.9085,5.7353,-77.8667,1.3912
2023-05-16,161.0,304.0,211.0,8572,272.0,8876.0,-61.0,0.0116672500291681,8591.0,8555.214285714286,-8727.0,1.2890995260663507,0,161.75868949261053,5,2,Q2,2023,-0.8854,5.8146,-75.9,1.3767
2023-05-17,57.0,162.0,193.0,8569,307.0,8731.0,-114.0,-0.0349976668222118,8588.0,8584.5,-8841.0,1.5906735751295338,0,114.80870377080022,5,2,Q2,2023,-0.897,5.8883,-76.8667,1.3804
2023-05-18,80.0,122.0,152.0,8474,351.0,8596.0,-199.0,-1.1086474501108667,8569.142857142857,8593.214285714286,-9040.0,2.3092105263157894,0,99.39987507450904,5,2,Q2,2023,-0.9563,5.9278,-81.0333,1.4049
2023-05-21,107.0,170.0,133.0,7826,343.0,7996.0,-210.0,-7.646919990559353,8447.0,8545.642857142857,-9250.0,2.5789473684210527,0,227.88917925599537,5,2,Q2,2023,-1.0482,5.9482,-82.0333,1.411
2023-05-22,99.0,156.0,139.0,7848,240.0,8004.0,-101.0,0.2811142346025974,8329.285714285714,8488.07142857143,-9351.0,1.7266187050359711,0,291.3756402588542,5,2,Q2,2023,-1.0449,5.9417,-82.0,1.4125
2023-05-23,25.0,66.0,94.0,7788,246.0,7854.0,-152.0,-0.7645259938837912,8235.42857142857,8422.642857142857,-9503.0,2.617021276595745,0,338.2351496865905,5,2,Q2,2023,-1.103,5.9791,-85.9,1.4363
2023-05-24,35.0,70.0,53.0,7709,276.0,7779.0,-223.0,-1.0143810991268598,8112.285714285715,8345.42857142857,-9726.0,5.2075471698113205,0,369.8342069892057,5,2,Q2,2023,-1.1666,6.0338,-89.9333,1.4669
2023-05-25,43.0,73.0,64.0,7546,408.0,7619.0,-344.0,-2.114411726553378,7965.714285714285,8278.357142857143,-10070.0,6.375,0,423.786159272814,5,2,Q2,2023,-1.2567,6.1392,-94.8333,1.5019
2023-05-29,41.0,60.0,71.0,6996,207.0,7056.0,-136.0,-7.288629737609331,7741.0,8164.5,-10206.0,2.915492957746479,0,533.5340447647845,5,2,Q2,2023,-1.3822,6.4477,-96.7,1.5229
2023-05-30,65.0,83.0,65.0,7046,168.0,7129.0,-103.0,0.7146941109205329,7537.0,8053.071428571428,-10309.0,2.5846153846153848,0,593.739966948194,5,2,Q2,2023,-1.3965,6.6743,-98.4,1.545
2023-05-31,38.0,80.0,82.0,7053,210.0,7133.0,-128.0,0.0993471473176299,7426.571428571428,7936.785714285715,-10437.0,2.5609756097560976,0,620.1357393061858,5,2,Q2,2023,-1.4462,6.9054,-102.0,1.579
2023-06-01,56.0,82.0,68.0,7002,287.0,7084.0,-219.0,-0.7230965546575874,7305.714285714285,7817.5,-10656.0,4.220588235294118,0,628.3963411243385,6,2,Q2,2023,-1.5586,7.1577,-109.1333,1.6383
2023-06-04,74.0,103.0,80.0,6555,292.0,6658.0,-212.0,-6.383890317052265,7129.571428571428,7682.5,-10868.0,3.65,0,683.7940254424309,6,2,Q2,2023,-1.7305,7.8769,-113.4333,1.6844
2023-06-05,68.0,107.0,102.0,6523,189.0,6630.0,-87.0,-0.4881769641495004,6960.142857142857,7536.214285714285,-10955.0,1.8529411764705883,0,698.0125829339041,6,2,Q2,2023,-1.7431,8.5737,-113.7,1.698
2023-06-06,92.0,124.0,93.0,6508,187.0,6632.0,-94.0,-0.2299555419285615,6811.857142857143,7388.785714285715,-11049.0,2.010752688172043,0,680.1561108781053,6,2,Q2,2023,-1.7998,9.2808,-117.1333,1.7385
2023-06-07,113.0,162.0,107.0,6483,208.0,6645.0,-101.0,-0.3841425937307963,6738.571428571428,7239.785714285715,-11150.0,1.9439252336448598,0,628.2263407123497,6,2,Q2,2023,-1.8793,9.9539,-121.8333,1.7906
2023-06-08,106.0,196.0,131.0,6446,255.0,6642.0,-124.0,-0.5707234305105668,6652.857142857143,7094.928571428572,-11274.0,1.9465648854961832,0,550.7846800123054,6,2,Q2,2023,-1.9045,10.582,-122.7667,1.8017
2023-06-11,86.0,152.0,168.0,6007,238.0,6159.0,-70.0,-6.810425069810733,6503.428571428572,6965.0,-11344.0,1.4166666666666667,0,578.892310963189,6,2,Q2,2023,-2.026,11.5069,-121.7,1.8017
2023-06-12,84.0,118.0,136.0,6021,177.0,6139.0,-41.0,0.2330614283336141,6363.285714285715,6834.5,-11385.0,1.3014705882352942,0,570.3936225234097,6,2,Q2,2023,-1.9831,12.2708,-119.4,1.7948
2023-06-13,59.0,64.0,117.0,6061,146.0,6125.0,-29.0,0.6643414715163498,6292.714285714285,6711.142857142857,-11414.0,1.2478632478632479,0,533.8998547902481,6,2,Q2,2023,-1.9392,12.8613,-117.5333,1.7885
2023-06-14,62.0,97.0,52.0,6065,167.0,6162.0,-115.0,0.0659957102788322,6227.285714285715,6593.714285714285,-11529.0,3.2115384615384617,0,475.10054459295276,6,2,Q2,2023,-1.9835,13.2918,-120.3,1.8372
2023-06-15,91.0,75.0,97.0,6038,272.0,6113.0,-175.0,-0.4451772464962866,6160.142857142857,6486.0,-11704.0,2.804123711340206,0,408.9295594786187,6,2,Q2,2023,-2.0697,13.6198,-124.9667,1.8977
2023-06-19,29.0,51.0,11.0,5679,142.0,5730.0,-131.0,-5.9456773766147775,6045.285714285715,6391.928571428572,-11835.0,12.909090909090908,0,433.33775497884125,6,2,Q2,2023,-2.2504,14.0665,-127.8,1.9828
2023-06-20,33.0,53.0,34.0,5904,134.0,5957.0,-100.0,3.961965134706813,5967.857142857143,6310.357142857143,-11935.0,3.9411764705882355,0,407.456577609633,6,2,Q2,2023,-2.133,14.3793,-125.9333,2.0167
2023-06-21,93.0,196.0,169.0,5922,149.0,6118.0,20.0,0.304878048780477,5955.714285714285,6229.571428571428,-11915.0,0.8816568047337278,0,358.00788867235934,6,2,Q2,2023,-2.0747,14.5274,-122.8667,1.9973
2023-06-22,124.0,234.0,161.0,5956,207.0,6190.0,-46.0,0.5741303613644,5946.428571428572,6154.857142857143,-11961.0,1.2857142857142858,0,286.38995930584,6,2,Q2,2023,-2.087,14.5371,-124.3,2.033
2023-06-25,92.0,203.0,173.0,5766,263.0,5969.0,-90.0,-3.1900604432505086,5904.285714285715,6098.5,-12051.0,1.5202312138728324,0,279.1304492388808,6,2,Q2,2023,-2.1534,14.4959,-124.1667,2.0425
2023-06-26,186.0,259.0,172.0,5819,174.0,6078.0,-2.0,0.9191814082552874,5869.142857142857,6048.214285714285,-12053.0,1.0116279069767442,0,259.49631050330305,6,2,Q2,2023,-2.0273,14.2807,-117.9667,1.9994
2023-06-27,154.0,225.0,220.0,5917,155.0,6142.0,65.0,1.684138168070115,5851.857142857143,6006.0,-11988.0,0.7045454545454546,0,224.68165513418634,6,2,Q2,2023,-1.9278,14.0411,-114.0667,1.9708
2023-06-28,91.0,199.0,172.0,5999,174.0,6198.0,-2.0,1.3858374176102697,5897.571428571428,5971.428571428572,-11990.0,1.0116279069767442,0,178.03444536452741,6,2,Q2,2023,-1.847,13.5071,-110.8,1.9443
2023-06-29,81.0,213.0,153.0,6058,213.0,6271.0,-60.0,0.9834972495415872,5919.571428571428,5943.714285714285,-12050.0,1.392156862745098,0,118.83241501010538,6,2,Q2,2023,-1.8284,12.7581,-110.7667,1.9598
2023-07-02,209.0,285.0,184.0,5903,309.0,6188.0,-125.0,-2.558600198085182,5916.857142857143,5936.285714285715,-12175.0,1.6793478260869565,0,117.81826198486334,7,3,Q3,2023,-1.8827,11.85,-111.1333,1.9655
2023-07-04,184.0,314.0,217.0,6127,124.0,6441.0,93.0,3.7946806708453407,5941.285714285715,5943.857142857143,-12082.0,0.5714285714285714,0,126.7486046913332,7,3,Q3,2023,-1.655,10.6762,-101.4,1.8647
2023-07-05,107.0,215.0,230.0,6193,167.0,6408.0,63.0,1.077199281867136,6002.285714285715,5953.285714285715,-12019.0,0.7260869565217392,0,140.31636155014996,7,3,Q3,2023,-1.4904,10.0457,-92.3,1.766
2023-07-06,101.0,162.0,178.0,6239,205.0,6401.0,-27.0,0.7427740997900889,6062.285714285715,5965.714285714285,-12046.0,1.151685393258427,0,157.61268426668386,7,3,Q3,2023,-1.4399,9.2296,-89.8333,1.7375
2023-07-09,99.0,190.0,176.0,6214,196.0,6404.0,-20.0,-0.4007052412245526,6104.714285714285,5978.285714285715,-12066.0,1.1136363636363635,0,170.32793193013163,7,3,Q3,2023,-1.3749,8.3054,-85.4333,1.686
2023-07-10,167.0,239.0,166.0,6346,163.0,6585.0,3.0,2.124235597038937,6154.285714285715,6025.928571428572,-12063.0,0.9819277108433735,0,173.43030712237913,7,3,Q3,2023,-1.2275,7.2594,-77.9,1.6072
2023-07-11,115.0,216.0,169.0,6498,143.0,6714.0,26.0,2.39520958083832,6217.142857142857,6068.357142857143,-12037.0,0.8461538461538461,0,210.0910451512361,7,3,Q3,2023,-1.009,6.2617,-65.5667,1.4975
2023-07-12,84.0,158.0,193.0,6521,210.0,6679.0,-17.0,0.353955063096345,6305.428571428572,6111.142857142857,-12054.0,1.0880829015544042,0,237.2330425625994,7,3,Q3,2023,-0.9446,5.9165,-61.6,1.4534
2023-07-13,130.0,227.0,192.0,6604,226.0,6831.0,-34.0,1.272810918570766,6373.571428571428,6157.428571428572,-12088.0,1.1770833333333333,0,266.0941748518776,7,3,Q3,2023,-0.8979,5.5144,-59.3,1.4233
2023-07-16,88.0,214.0,160.0,6468,218.0,6682.0,-58.0,-2.059357964869779,6412.857142857143,6207.571428571428,-12146.0,1.3625,0,252.45219327647294,7,3,Q3,2023,-0.8807,4.9754,-56.9667,1.3992
2023-07-17,113.0,208.0,159.0,6632,160.0,6840.0,-1.0,2.535559678416832,6469.0,6265.642857142857,-12147.0,1.0062893081761006,0,249.68552748878824,7,3,Q3,2023,-0.7494,4.5451,-49.7,1.341
2023-07-18,174.0,285.0,150.0,6874,181.0,7159.0,-31.0,3.648974668275029,6563.285714285715,6334.0,-12178.0,1.2066666666666668,0,276.4592055036043,7,3,Q3,2023,-0.6352,4.8589,-43.6667,1.2949
2023-07-19,104.0,230.0,206.0,7001,226.0,7231.0,-20.0,1.8475414605760856,6656.857142857143,6405.571428571428,-12198.0,1.0970873786407767,0,310.64887779407337,7,3,Q3,2023,-0.5918,5.3183,-41.4333,1.2734
2023-07-20,147.0,276.0,214.0,7116,281.0,7392.0,-67.0,1.6426224825025093,6745.142857142857,6481.142857142857,-12265.0,1.3130841121495327,0,346.2417690535827,7,3,Q3,2023,-0.5696,5.8743,-40.5333,1.2606
2023-07-23,108.0,220.0,213.0,7052,276.0,7272.0,-63.0,-0.8993816750983652,6821.0,6563.214285714285,-12328.0,1.295774647887324,0,334.6424449080806,7,3,Q3,2023,-0.5568,6.2939,-39.2667,1.2468
2023-07-24,180.0,280.0,146.0,7220,187.0,7500.0,-41.0,2.382302892796373,6909.0,6641.285714285715,-12369.0,1.2808219178082192,0,352.08880623007485,7,3,Q3,2023,-0.5055,6.8589,-36.5,1.2287
2023-07-25,134.0,294.0,186.0,7510,136.0,7804.0,50.0,4.016620498614953,7057.857142857143,6735.357142857143,-12319.0,0.7311827956989247,0,396.2688689305635,7,3,Q3,2023,-0.4328,7.6295,-32.5,1.2029
2023-07-26,202.0,313.0,158.0,7647,215.0,7960.0,-57.0,1.8242343541944095,7202.857142857143,6835.928571428572,-12376.0,1.360759493670886,0,437.1670098549136,7,3,Q3,2023,-0.432,8.3983,-33.0333,1.2053
2023-07-27,110.0,272.0,193.0,7754,259.0,8026.0,-66.0,1.3992415326271823,7328.571428571428,6945.928571428572,-12442.0,1.3419689119170986,0,461.6987803062245,7,3,Q3,2023,-0.4419,9.1339,-34.2667,1.2096
2023-07-30,166.0,277.0,229.0,7671,305.0,7948.0,-76.0,-1.0704152695383051,7424.285714285715,7040.571428571428,-12518.0,1.331877729257642,0,465.05313414964655,7,3,Q3,2023,-0.4298,9.6308,-32.9667,1.1946
2023-07-31,136.0,276.0,178.0,7800,220.0,8076.0,-42.0,1.6816581931951458,7522.0,7133.571428571428,-12560.0,1.2359550561797752,0,478.2041267211926,7,3,Q3,2023,-0.3658,10.1229,-28.5333,1.1658
2023-08-01,87.0,246.0,173.0,8103,168.0,8349.0,5.0,3.8846153846153753,7672.142857142857,7246.571428571428,-12555.0,0.9710982658959537,0,508.28606637868495,8,3,Q3,2023,-0.2962,10.5614,-24.0,1.1352
2023-08-02,84.0,171.0,157.0,8261,271.0,8432.0,-114.0,1.949895100580035,7820.857142857143,7364.928571428572,-12669.0,1.7261146496815287,0,539.1347004921098,8,3,Q3,2023,-0.2962,11.1337,-24.4667,1.1348
2023-08-03,167.0,209.0,157.0,8294,339.0,8503.0,-182.0,0.3994673768308976,7932.857142857143,7495.357142857143,-12851.0,2.159235668789809,0,526.1756955973491,8,3,Q3,2023,-0.3762,11.5738,-31.2,1.1722
2023-08-06,109.0,245.0,159.0,8298,322.0,8543.0,-163.0,0.0482276344345278,8025.857142857143,7614.357142857143,-13014.0,2.0251572327044025,0,503.81522973633616,8,3,Q3,2023,-0.423,11.8868,-35.1,1.1938
2023-08-07,156.0,256.0,176.0,8493,202.0,8749.0,-26.0,2.349963846710046,8131.428571428572,7730.0,-13040.0,1.1477272727272727,0,506.60605237964114,8,3,Q3,2023,-0.3882,12.0915,-32.9667,1.1819
2023-08-08,125.0,232.0,192.0,8725,207.0,8957.0,-15.0,2.7316613681855673,8282.0,7853.142857142857,-13055.0,1.078125,0,524.9711870690987,8,3,Q3,2023,-0.3828,12.3719,-33.4,1.1837
2023-08-09,118.0,139.0,168.0,8888,251.0,9027.0,-83.0,1.8681948424068784,8437.42857142857,7979.714285714285,-13138.0,1.494047619047619,0,546.7383607950211,8,3,Q3,2023,-0.4313,12.6864,-38.3333,1.2128
2023-08-10,142.0,235.0,139.0,8914,353.0,9149.0,-214.0,0.2925292529252887,8553.285714285714,8112.714285714285,-13352.0,2.539568345323741,0,529.9192142453086,8,3,Q3,2023,-0.5093,12.9042,-45.4,1.2536
2023-08-16,148.0,245.0,175.0,9634,288.0,9879.0,-113.0,8.077181960960278,8749.42857142857,8285.142857142857,-13465.0,1.6457142857142857,0,604.5796832565456,8,3,Q3,2023,-0.4896,13.6259,-47.1667,1.2624
2023-08-17,119.0,219.0,210.0,9694,407.0,9913.0,-197.0,0.6227942702927036,8949.42857142857,8441.142857142857,-13662.0,1.938095238095238,0,667.6620353192063,8,3,Q3,2023,-0.5113,14.0222,-49.5667,1.2744
2023-08-20,105.0,210.0,149.0,9483,390.0,9693.0,-241.0,-2.1766040850010326,9118.714285714286,8572.285714285714,-13903.0,2.61744966442953,0,679.8794495600362,8,3,Q3,2023,-0.6401,14.1819,-60.7,1.3403
2023-08-21,143.0,203.0,163.0,9668,281.0,9871.0,-118.0,1.9508594326689943,9286.57142857143,8709.0,-14021.0,1.7239263803680982,0,694.9485869195867,8,3,Q3,2023,-0.6902,14.3492,-66.7333,1.3789
2023-08-22,119.0,209.0,152.0,9921,230.0,10130.0,-78.0,2.616880430285473,9457.42857142857,8869.714285714286,-14099.0,1.513157894736842,1,696.6010257033653,8,3,Q3,2023,-0.6898,14.5534,-68.4333,1.3905
2023-08-23,155.0,212.0,181.0,10071,285.0,10283.0,-104.0,1.5119443604475258,9626.42857142857,9031.92857142857,-14203.0,1.574585635359116,1,692.7480909987477,8,3,Q3,2023,-0.7073,14.6578,-71.2333,1.406
2023-08-24,109.0,214.0,173.0,10026,443.0,10240.0,-270.0,-0.4468275245755104,9785.285714285714,9169.285714285714,-14473.0,2.560693641618497,1,684.9947140246777,8,3,Q3,2023,-0.8013,14.639,-80.3333,1.4573
2023-08-27,191.0,283.0,192.0,9873,488.0,10156.0,-296.0,-1.526032315978454,9819.42857142857,9284.42857142857,-14769.0,2.5416666666666665,1,655.4183296286262,8,3,Q3,2023,-0.9224,14.4796,-91.0667,1.5162
2023-08-28,170.0,297.0,196.0,10012,388.0,10309.0,-192.0,1.407880076977608,9864.857142857143,9407.142857142857,-14961.0,1.9795918367346939,1,615.3197864203878,8,3,Q3,2023,-0.9678,14.2785,-96.9,1.5489
2023-08-29,152.0,272.0,214.0,10180,286.0,10452.0,-72.0,1.6779864163004363,9964.42857142857,9541.57142857143,-15033.0,1.3364485981308412,1,557.2014846583661,8,3,Q3,2023,-0.9643,14.0878,-98.1667,1.5538
2023-08-30,239.0,367.0,224.0,10280,366.0,10647.0,-142.0,0.982318271119853,10051.857142857143,9669.214285714286,-15175.0,1.6339285714285714,1,500.29470984939513,8,3,Q3,2023,-0.9822,13.7072,-100.9667,1.5628
2023-08-31,113.0,280.0,237.0,10140,505.0,10420.0,-268.0,-1.3618677042801508,10083.142857142857,9770.285714285714,-15443.0,2.130801687763713,1,433.31591399194616,8,3,Q3,2023,-1.0835,13.2324,-109.8667,1.6037
2023-09-04,196.0,306.0,187.0,9988,293.0,10294.0,-106.0,-1.4990138067061176,10071.285714285714,9848.857142857143,-15549.0,1.5668449197860963,1,353.38557219750413,9,3,Q3,2023,-1.125,12.745,-112.3667,1.6132
2023-09-05,236.0,330.0,222.0,10142,243.0,10472.0,-21.0,1.541850220264318,10087.857142857143,9936.57142857143,-15570.0,1.0945945945945945,1,236.59758574933232,9,3,Q3,2023,-1.1083,12.2964,-112.4,1.6116
2023-09-06,81.0,230.0,242.0,10356,291.0,10586.0,-49.0,2.1100374679550393,10156.857142857143,9988.142857142857,-15619.0,1.2024793388429753,1,244.13988964173996,9,3,Q3,2023,-1.0796,11.9045,-111.8,1.6053
2023-09-07,118.0,245.0,160.0,10419,398.0,10664.0,-238.0,0.6083429895712644,10215.0,10039.92857142857,-15857.0,2.4875,1,253.6546605390532,9,3,Q3,2023,-1.129,11.3665,-117.6333,1.643
2023-09-10,218.0,283.0,208.0,10282,382.0,10565.0,-174.0,-1.3149054611766964,10229.57142857143,10097.0,-16031.0,1.8365384615384615,1,203.6697930852299,9,3,Q3,2023,-1.1872,10.7715,-122.0667,1.6598
2023-09-11,132.0,243.0,183.0,10492,277.0,10735.0,-94.0,2.042404201517223,10259.857142857143,10155.857142857143,-16125.0,1.5136612021857923,1,188.66814868881897,9,3,Q3,2023,-1.2092,10.3564,-126.8667,1.6861
2023-09-12,224.0,315.0,152.0,10649,316.0,10964.0,-164.0,1.496378192908887,10332.57142857143,10207.857142857143,-16289.0,2.0789473684210527,1,217.13514300929393,9,3,Q3,2023,-1.2248,9.9937,-130.4333,1.7062
2023-09-13,167.0,326.0,213.0,10678,343.0,11004.0,-130.0,0.2723260400037564,10431.142857142857,10251.214285714286,-16419.0,1.6103286384976525,1,246.34346834369435,9,3,Q3,2023,-1.2415,9.606,-132.5667,1.7152
2023-09-14,209.0,353.0,232.0,10837,414.0,11190.0,-182.0,1.489042891927328,10530.42857142857,10309.142857142857,-16601.0,1.7844827586206897,1,282.0733284756981,9,3,Q3,2023,-1.2559,9.1033,-136.1,1.7338
2023-09-17,153.0,253.0,286.0,10799,427.0,11052.0,-141.0,-0.3506505490449396,10593.714285714286,10375.285714285714,-16742.0,1.493006993006993,1,280.4996718965326,9,3,Q3,2023,-1.2909,8.5477,-139.4,1.7373
2023-09-18,180.0,337.0,219.0,10892,313.0,11229.0,-94.0,0.8611908510047117,10661.285714285714,10438.142857142857,-16836.0,1.4292237442922375,1,291.22337637121694,9,3,Q3,2023,-1.3101,8.1432,-142.7,1.7487
2023-09-19,133.0,287.0,189.0,11095,260.0,11382.0,-71.0,1.8637532133676027,10777.42857142857,10503.5,-16907.0,1.3756613756613756,1,329.0505572564279,9,3,Q3,2023,-1.2732,7.8375,-141.2667,1.737
2023-09-20,187.0,310.0,247.0,11064,364.0,11374.0,-117.0,-0.2794051374493067,10859.142857142857,10559.5,-17024.0,1.4736842105263157,1,353.8654133554553,9,3,Q3,2023,-1.2572,7.4196,-139.1,1.7146
2023-09-21,168.0,285.0,210.0,11067,428.0,11352.0,-218.0,0.0271149674620385,10918.857142857143,10625.714285714286,-17242.0,2.038095238095238,1,356.05367542017626,9,3,Q3,2023,-1.2735,6.8727,-140.9333,1.7177
2023-09-24,269.0,412.0,204.0,10744,403.0,11156.0,-199.0,-2.9185867895545337,10928.285714285714,10679.714285714286,-17441.0,1.9754901960784315,1,305.6585396437327,9,3,Q3,2023,-1.3654,6.2341,-146.7,1.7435
2023-09-25,100.0,255.0,236.0,10842,284.0,11097.0,-48.0,0.9121370067014078,10929.0,10729.714285714286,-17489.0,1.2033898305084745,1,265.5549859246611,9,3,Q3,2023,-1.3632,5.7005,-147.8,1.7436
2023-09-26,205.0,294.0,177.0,10978,332.0,11272.0,-155.0,1.2543811104962277,10954.57142857143,10774.142857142857,-17644.0,1.8757062146892656,1,249.78478648715964,9,3,Q3,2023,-1.3682,5.2394,-150.2,1.7545
2023-09-27,161.0,304.0,211.0,11017,331.0,11321.0,-120.0,0.3552559664784072,10972.42857142857,10816.857142857143,-17764.0,1.5687203791469195,1,235.0796451427386,9,3,Q3,2023,-1.3349,4.6911,-147.0667,1.73
2023-09-28,57.0,162.0,193.0,10984,447.0,11146.0,-254.0,-0.2995370790596308,10956.57142857143,10867.0,-18018.0,2.316062176165803,1,180.82630850114202,9,3,Q3,2023,-1.3817,4.5866,-151.7667,1.7511
2023-10-01,80.0,122.0,152.0,10598,493.0,10720.0,-341.0,-3.514202476329209,10890.0,10874.57142857143,-18359.0,3.2434210526315788,1,165.48516749043404,10,4,Q4,2023,-1.4773,4.3878,-156.5667,1.7823
2023-10-02,107.0,170.0,133.0,10724,284.0,10894.0,-151.0,1.1889035667107084,10841.0,10879.92857142857,-18510.0,2.1353383458646618,1,158.6958698923052,10,4,Q4,2023,-1.432,4.0284,-153.5667,1.7694
2023-10-03,99.0,156.0,139.0,10818,287.0,10974.0,-148.0,0.876538604998145,10851.57142857143,10889.92857142857,-18658.0,2.064748201438849,1,149.11454775321116,10,4,Q4,2023,-1.4288,3.7654,-154.5667,1.7775
2023-10-04,25.0,66.0,94.0,10963,330.0,11029.0,-236.0,1.3403586614901153,10868.857142857143,10898.92857142857,-18894.0,3.5106382978723403,1,149.47624678069977,10,4,Q4,2023,-1.4579,3.6596,-159.8333,1.8119
2023-10-05,35.0,70.0,53.0,11130,427.0,11200.0,-374.0,1.5233056645078902,10890.57142857143,10922.57142857143,-19268.0,8.056603773584905,1,158.3674958325096,10,4,Q4,2023,-1.5169,3.6615,-168.8333,1.8766
2023-10-09,43.0,73.0,64.0,10815,282.0,10888.0,-218.0,-2.8301886792452824,10861.714285714286,10917.07142857143,-19486.0,4.40625,1,160.82884561674197,10,4,Q4,2023,-1.5451,3.5216,-167.1,1.8843
2023-10-10,41.0,60.0,71.0,10910,257.0,10970.0,-186.0,0.878409616273701,10851.142857142857,10903.857142857143,-19672.0,3.619718309859155,1,152.46783123149578,10,4,Q4,2023,-1.498,3.2743,-163.4333,1.8837
2023-10-11,65.0,83.0,65.0,10960,266.0,11043.0,-201.0,0.4582951420714964,10902.857142857143,10896.42857142857,-19873.0,4.092307692307692,1,146.48114306872972,10,4,Q4,2023,-1.4939,3.0911,-163.7333,1.9068
2023-10-12,38.0,80.0,82.0,10992,398.0,11072.0,-316.0,0.2919708029197165,10941.142857142857,10891.07142857143,-20189.0,4.853658536585366,1,141.03325537218362,10,4,Q4,2023,-1.5636,2.9851,-171.8667,1.9756
2023-10-15,56.0,82.0,68.0,10571,434.0,10653.0,-366.0,-3.830058224163024,10905.857142857143,10878.714285714286,-20555.0,6.382352941176471,1,161.06684162956705,10,4,Q4,2023,-1.6965,2.8931,-179.3333,2.0489
2023-10-16,74.0,103.0,80.0,10629,331.0,10732.0,-251.0,0.5486708920631855,10858.142857142857,10863.5,-20806.0,4.1375,1,174.31657761316313,10,4,Q4,2023,-1.6819,2.7033,-178.7667,2.0786
2023-10-17,68.0,107.0,102.0,10630,315.0,10737.0,-213.0,0.009408222786722,10786.714285714286,10838.642857142857,-21019.0,3.088235294117647,1,181.40121581427726,10,4,Q4,2023,-1.7153,2.3585,-182.3333,2.1193
2023-10-18,92.0,124.0,93.0,10511,393.0,10635.0,-300.0,-1.1194731890874832,10743.285714285714,10802.5,-21319.0,4.225806451612903,1,193.1586633593388,10,4,Q4,2023,-1.8232,2.1371,-191.6333,2.2083
2023-10-19,113.0,162.0,107.0,10319,406.0,10481.0,-299.0,-1.8266577870801992,10658.857142857143,10755.0,-21618.0,3.794392523364486,1,224.34108646639064,10,4,Q4,2023,-1.9378,2.16,-199.9667,2.2976
2023-10-22,106.0,196.0,131.0,9506,454.0,9702.0,-323.0,-7.878670413799782,10451.142857142857,10677.0,-21941.0,3.4656488549618323,0,402.3442842602852,10,4,Q4,2023,-2.1334,3.0108,-202.8,2.3243
2023-10-23,86.0,152.0,168.0,9436,327.0,9588.0,-159.0,-0.7363770250368162,10228.857142857143,10585.0,-22100.0,1.9464285714285714,0,520.6377745685488,10,4,Q4,2023,-2.1439,3.6828,-202.3,2.3327
2023-10-24,84.0,118.0,136.0,9396,300.0,9514.0,-164.0,-0.4239084357778755,10061.0,10483.42857142857,-22264.0,2.2058823529411766,0,603.759085204548,10,4,Q4,2023,-2.1779,4.3224,-204.6333,2.3621
2023-10-25,59.0,64.0,117.0,9351,293.0,9415.0,-176.0,-0.4789272030651381,9878.42857142857,10368.285714285714,-22440.0,2.5042735042735043,0,656.6594280109022,10,4,Q4,2023,-2.1926,4.9071,-205.0333,2.3754
2023-10-26,62.0,97.0,52.0,9235,390.0,9332.0,-338.0,-1.240509036466686,9679.142857142857,10232.92857142857,-22778.0,7.5,0,682.3740756512377,10,4,Q4,2023,-2.2953,5.4921,-211.9667,2.4751
2023-10-29,91.0,75.0,97.0,8925,418.0,9000.0,-321.0,-3.356794802382246,9452.57142857143,10097.92857142857,-23099.0,4.309278350515464,0,742.6546422008153,10,4,Q4,2023,-2.4269,6.2151,-216.6,2.556
2023-10-30,29.0,51.0,11.0,9026,278.0,9077.0,-267.0,1.1316526610644306,9267.857142857143,9963.357142857143,-23366.0,25.272727272727273,0,754.7799075168955,10,4,Q4,2023,-2.4463,6.7544,-220.8,2.698
2023-10-31,33.0,53.0,34.0,9072,295.0,9125.0,-261.0,0.5096388211832448,9205.857142857143,9828.5,-23627.0,8.676470588235293,0,731.3115457334737,10,4,Q4,2023,-2.4952,7.174,-226.3667,2.8275
2023-11-01,132.0,235.0,197.0,9250,279.0,9485.0,-82.0,1.9620811287478055,9179.285714285714,9704.07142857143,-23709.0,1.416243654822335,0,663.1388605349975,11,4,Q4,2023,-2.4512,7.3851,-226.7333,2.8265
2023-11-02,174.0,208.0,256.0,9442,330.0,9650.0,-74.0,2.075675675675681,9185.857142857143,9623.42857142857,-23783.0,1.2890625,0,616.6199071471152,11,4,Q4,2023,-2.3861,7.4726,-225.3,2.8106
2023-11-05,123.0,230.0,167.0,9273,370.0,9503.0,-203.0,-1.7898750264774388,9174.714285714286,9526.57142857143,-23986.0,2.215568862275449,0,549.3457247259988,11,4,Q4,2023,-2.4242,7.5904,-224.8,2.8276
2023-11-06,123.0,233.0,159.0,9286,316.0,9519.0,-157.0,0.1401919551385688,9182.0,9430.57142857143,-24143.0,1.9874213836477987,0,450.1662452379749,11,4,Q4,2023,-2.4058,7.7498,-223.4,2.8387
2023-11-07,141.0,232.0,188.0,9483,231.0,9715.0,-43.0,2.121473185440448,9261.714285714286,9357.142857142857,-24186.0,1.2287234042553192,0,327.5061613379118,11,4,Q4,2023,-2.354,7.7851,-223.2333,2.8618
2023-11-08,158.0,226.0,191.0,9634,310.0,9860.0,-119.0,1.5923231045027908,9348.57142857143,9308.214285714286,-24305.0,1.6230366492146597,0,198.52307696567888,11,4,Q4,2023,-2.3047,7.71,-222.0333,2.8446
2023-11-12,96.0,160.0,233.0,9477,313.0,9637.0,-80.0,-1.629645007265934,9406.42857142857,9306.142857142857,-24385.0,1.3433476394849786,0,196.44097063765423,11,4,Q4,2023,-2.3288,7.6286,-220.7,2.8225
2023-11-13,141.0,173.0,129.0,9510,287.0,9683.0,-158.0,0.3482114593225782,9443.57142857143,9311.42857142857,-24543.0,2.2248062015503876,0,201.14316152576558,11,4,Q4,2023,-2.2871,7.5141,-217.5,2.8282
2023-11-14,116.0,181.0,182.0,9665,247.0,9846.0,-65.0,1.629863301787582,9475.42857142857,9330.642857142857,-24608.0,1.3571428571428572,0,221.64649857301862,11,4,Q4,2023,-2.1552,7.4722,-208.3,2.7363
2023-11-15,150.0,157.0,201.0,9762,316.0,9919.0,-115.0,1.0036213140196537,9545.285714285714,9360.0,-24723.0,1.572139303482587,1,249.96030454086656,11,4,Q4,2023,-2.1215,7.3631,-207.1,2.6943
2023-11-16,80.0,176.0,125.0,9762,374.0,9938.0,-249.0,0.0,9613.285714285714,9397.642857142857,-24972.0,2.992,1,268.66954456326687,11,4,Q4,2023,-2.156,7.1982,-210.4667,2.7284
2023-11-19,116.0,188.0,164.0,9573,435.0,9761.0,-271.0,-1.9360786724031964,9626.142857142857,9443.92857142857,-25243.0,2.652439024390244,0,234.6435805431701,11,4,Q4,2023,-2.2107,6.9579,-211.6333,2.7053
2023-11-20,105.0,185.0,158.0,9638,298.0,9823.0,-140.0,0.6789930011490641,9626.714285714286,9487.642857142857,-25383.0,1.8860759493670887,0,206.06108397676607,11,4,Q4,2023,-2.1149,6.5521,-203.8333,2.5974
2023-11-21,136.0,246.0,123.0,9804,250.0,10050.0,-127.0,1.7223490350695148,9673.42857142857,9539.92857142857,-25510.0,2.032520325203252,1,184.19156594980848,11,4,Q4,2023,-2.0481,6.2761,-200.8,2.5498
2023-11-23,128.0,228.0,177.0,9838,283.0,10066.0,-106.0,0.3467972256221863,9720.285714285714,9581.92857142857,-25616.0,1.5988700564971752,1,179.98652269450102,11,4,Q4,2023,-2.014,5.8997,-198.1333,2.4886
2023-11-26,90.0,196.0,205.0,9845,312.0,10041.0,-107.0,0.0711526733075729,9746.0,9610.714285714286,-25723.0,1.5219512195121951,1,187.9367440928719,11,4,Q4,2023,-1.9807,5.4254,-195.0,2.4154
2023-11-27,56.0,82.0,68.0,10123,214.0,10205.0,-146.0,2.823768410360583,9797.57142857143,9671.42857142857,-25869.0,3.1470588235294117,1,206.79633767244343,11,4,Q4,2023,-1.8703,4.8973,-189.3333,2.379
2023-11-28,74.0,103.0,80.0,10223,223.0,10326.0,-143.0,0.98784945174355,9863.42857142857,9738.357142857143,-26012.0,2.7875,1,223.41840952413892,11,4,Q4,2023,-1.7793,4.7057,-181.9,2.321
2023-11-29,68.0,107.0,102.0,10398,284.0,10505.0,-182.0,1.7118262740878354,9981.285714285714,9803.714285714286,-26194.0,2.784313725490196,1,271.60843664575884,11,4,Q4,2023,-1.7273,4.5498,-179.6,2.2974
2023-11-30,92.0,124.0,93.0,10536,320.0,10660.0,-227.0,1.3271783035199158,10109.57142857143,9868.142857142857,-26421.0,3.4408602150537635,1,329.14220848533546,11,4,Q4,2023,-1.7091,4.4789,-180.0667,2.3036
2023-12-03,132.0,235.0,197.0,10579,417.0,10814.0,-220.0,0.4081245254365928,10220.285714285714,9946.857142857143,-26641.0,2.116751269035533,1,358.8369797303351,12,4,Q4,2023,-1.6769,4.5282,-177.4,2.2528
2023-12-04,174.0,208.0,256.0,10635,273.0,10843.0,-17.0,0.5293506002457704,10334.142857142857,10027.214285714286,-26658.0,1.06640625,1,378.8876794333444,12,4,Q4,2023,-1.5797,4.7319,-168.0,2.1462
2023-12-05,123.0,230.0,167.0,10761,261.0,10991.0,-94.0,1.184767277856125,10465.0,10105.5,-26752.0,1.562874251497006,1,410.2220318128059,12,4,Q4,2023,-1.4903,5.138,-160.3667,2.0853
2023-12-06,123.0,233.0,159.0,10832,376.0,11065.0,-217.0,0.6597899823436393,10566.285714285714,10181.92857142857,-26969.0,2.3647798742138364,1,439.90374196841515,12,4,Q4,2023,-1.4983,5.5076,-162.3,2.1006
2023-12-07,141.0,232.0,188.0,10897,466.0,11129.0,-278.0,0.6000738552437213,10662.57142857143,10263.0,-27247.0,2.478723404255319,1,460.6575567766114,12,4,Q4,2023,-1.5243,5.8389,-166.1,2.1133
2023-12-10,158.0,226.0,191.0,10871,411.0,11097.0,-220.0,-0.2385977792052851,10730.142857142857,10355.714285714286,-27467.0,2.1518324607329844,1,441.31715938183095,12,4,Q4,2023,-1.5414,6.0738,-167.5667,2.1048
2023-12-11,96.0,160.0,233.0,10998,304.0,11158.0,-71.0,1.1682457915555222,10796.142857142857,10452.857142857143,-27538.0,1.3047210300429184,1,420.3655656583007,12,4,Q4,2023,-1.4427,6.2812,-158.6667,2.0061
2023-12-12,141.0,173.0,129.0,11077,259.0,11250.0,-130.0,0.7183124204400704,10867.285714285714,10543.785714285714,-27668.0,2.007751937984496,1,406.6732157342302,12,4,Q4,2023,-1.3749,6.3088,-152.3,1.9593
2023-12-13,116.0,181.0,182.0,11192,335.0,11373.0,-153.0,1.0381872348108612,10946.857142857143,10640.5,-27821.0,1.8406593406593406,1,386.4112496371844,12,4,Q4,2023,-1.3268,6.3773,-148.5,1.9029
2023-12-14,150.0,157.0,201.0,11242,396.0,11399.0,-195.0,0.4467476769120848,11015.57142857143,10740.285714285714,-28016.0,1.9701492537313432,1,343.1369828669111,12,4,Q4,2023,-1.3014,6.4154,-146.3,1.8604
2023-12-17,80.0,176.0,125.0,11092,456.0,11268.0,-331.0,-1.3342821561999618,11052.714285714286,10809.5,-28347.0,3.648,1,304.612174614042,12,4,Q4,2023,-1.3938,6.396,-154.6,1.9223
2023-12-18,116.0,188.0,164.0,11149,364.0,11337.0,-200.0,0.5138838802740686,11088.714285714286,10875.642857142857,-28547.0,2.2195121951219514,1,265.4866669527676,12,4,Q4,2023,-1.4243,6.4354,-158.8,1.965
2023-12-19,105.0,185.0,158.0,11291,272.0,11476.0,-114.0,1.2736568302089912,11148.714285714286,10939.42857142857,-28661.0,1.7215189873417722,1,248.64237966817544,12,4,Q4,2023,-1.3802,6.4035,-155.8333,1.9487
2023-12-20,136.0,246.0,123.0,11516,390.0,11762.0,-267.0,1.9927375786024328,11222.714285714286,11009.42857142857,-28928.0,3.1707317073170733,1,263.8151200792676,12,4,Q4,2023,-1.385,6.4225,-159.5,1.9781
2023-12-21,128.0,228.0,177.0,11375,497.0,11603.0,-320.0,-1.2243834664814155,11265.285714285714,11066.285714285714,-29248.0,2.8079096045197742,1,249.2905097306746,12,4,Q4,2023,-1.4834,6.4,-168.7333,2.0371
2023-12-25,90.0,196.0,205.0,11144,347.0,11340.0,-142.0,-2.030769230769236,11258.42857142857,11102.642857142857,-29390.0,1.6926829268292682,1,216.514560584448,12,4,Q4,2023,-1.521,6.3101,-169.5,2.0388
2023-12-26,56.0,82.0,68.0,11217,288.0,11299.0,-220.0,0.655061019382619,11254.857142857143,11135.214285714286,-29610.0,4.235294117647059,1,194.328500056188,12,4,Q4,2023,-1.5527,6.1229,-174.1667,2.1047
2023-12-27,74.0,103.0,80.0,11206,335.0,11309.0,-255.0,-0.0980654363911925,11271.142857142857,11161.92857142857,-29865.0,4.1875,1,174.09257673648065,12,4,Q4,2023,-1.5831,5.8979,-177.4,2.1369
2023-12-28,68.0,107.0,102.0,11230,357.0,11337.0,-255.0,0.2141709798322288,11282.714285714286,11185.714285714286,-30120.0,3.5,1,157.02348113067669,12,4,Q4,2023,-1.6361,5.7161,-183.7333,2.198
2024-01-01,92.0,124.0,93.0,10870,290.0,10994.0,-197.0,-3.2056990204808566,11222.57142857143,11185.642857142857,-30317.0,3.118279569892473,1,157.17780580407964,1,1,Q1,2024,-1.7154,5.4797,-186.4667,2.245
2024-01-02,113.0,162.0,107.0,10770,316.0,10932.0,-209.0,-0.9199632014719406,11116.0,11169.357142857143,-30526.0,2.953271028037383,1,187.08270780716668,1,1,Q1,2024,-1.719,5.2091,-185.1333,2.2411
2024-01-03,106.0,196.0,131.0,10718,263.0,10914.0,-132.0,-0.4828226555246062,11022.142857142857,11143.714285714286,-30658.0,2.0076335877862594,1,222.05107817505234,1,1,Q1,2024,-1.6841,4.7778,-180.5,2.219
2024-01-04,86.0,152.0,168.0,10558,362.0,10710.0,-194.0,-1.4928158238477374,10938.42857142857,11098.42857142857,-30852.0,2.1547619047619047,1,270.7547042807037,1,1,Q1,2024,-1.7267,4.3549,-182.3,2.2284
2024-01-07,84.0,118.0,136.0,9670,367.0,9788.0,-231.0,-8.41068384163668,10717.42857142857,10986.142857142857,-31083.0,2.698529411764706,0,463.7877261690687,1,1,Q1,2024,-1.9211,4.4521,-185.7667,2.2482
2024-01-08,59.0,64.0,117.0,9670,367.0,9734.0,-250.0,0.0,10498.0,10884.57142857143,-31333.0,3.1367521367521367,0,579.9787415581366,1,1,Q1,2024,-1.9707,4.569,-190.5667,2.2978
2024-01-09,62.0,97.0,52.0,9311,286.0,9408.0,-234.0,-3.7125129265770385,10223.857142857143,10753.285714285714,-31567.0,5.5,0,709.1588113957532,1,1,Q1,2024,-2.0921,4.9761,-194.8,2.3744
2024-01-10,91.0,75.0,97.0,9144,349.0,9219.0,-252.0,-1.7935774889915157,9977.285714285714,10599.92857142857,-31819.0,3.597938144329897,0,809.0443996835755,1,1,Q1,2024,-2.169,5.6107,-198.3333,2.3899
2024-01-11,29.0,51.0,11.0,8829,476.0,8880.0,-465.0,-3.4448818897637845,9700.0,10408.0,-32284.0,43.27272727272727,0,889.7050505212902,1,1,Q1,2024,-2.368,6.4622,-209.0667,2.4891
2024-01-15,33.0,53.0,34.0,8033,234.0,8086.0,-200.0,-9.015743572318492,9316.42857142857,10169.285714285714,-32484.0,6.882352941176471,0,1045.0700696840684,1,1,Q1,2024,-2.6101,7.9497,-209.6667,2.5179
2024-01-16,32.0,49.0,39.0,8133,188.0,8182.0,-149.0,1.2448649321548544,8970.0,9954.214285714286,-32633.0,4.82051282051282,0,1135.0039090797814,1,1,Q1,2024,-2.546,9.0924,-207.0667,2.5188
2024-01-17,80.0,176.0,125.0,8072,353.0,8248.0,-228.0,-0.7500307389647132,8741.714285714286,9729.57142857143,-32861.0,2.824,0,1176.3254857188367,1,1,Q1,2024,-2.5685,10.1225,-207.3333,2.548
2024-01-18,116.0,188.0,164.0,8042,359.0,8230.0,-195.0,-0.3716551040634286,8509.142857142857,9503.57142857143,-33056.0,2.1890243902439024,0,1174.7874907197704,1,1,Q1,2024,-2.6519,11.044,-213.2667,2.6296
2024-01-21,105.0,185.0,158.0,7974,371.0,8159.0,-213.0,-0.8455608057697073,8318.142857142857,9271.0,-33269.0,2.348101265822785,0,1128.082580174125,1,1,Q1,2024,-2.7243,11.895,-217.2333,2.6638
2024-01-22,136.0,246.0,123.0,8008,222.0,8254.0,-99.0,0.4263857536995319,8155.857142857143,9066.57142857143,-33368.0,1.8048780487804879,0,1074.054411620231,1,1,Q1,2024,-2.6636,12.6188,-213.3,2.6488
2024-01-23,128.0,228.0,177.0,8133,202.0,8361.0,-25.0,1.5609390609390594,8056.428571428572,8878.214285714286,-33393.0,1.1412429378531073,0,979.39920191069,1,1,Q1,2024,-2.519,13.1794,-204.8667,2.5881
2024-01-24,90.0,196.0,205.0,8212,243.0,8408.0,-38.0,0.9713512848887218,8082.0,8699.214285714286,-33431.0,1.1853658536585365,0,835.756329833727,1,1,Q1,2024,-2.4208,13.636,-198.8,2.5355
2024-01-25,102.0,189.0,155.0,8180,293.0,8369.0,-138.0,-0.3896736483195329,8088.714285714285,8529.357142857143,-33569.0,1.8903225806451613,0,649.9071658135657,1,1,Q1,2024,-2.4576,14.0221,-201.0333,2.5846
2024-01-28,120.0,257.0,126.0,8004,307.0,8261.0,-181.0,-2.1515892420537863,8079.0,8410.357142857143,-33750.0,2.4365079365079363,0,572.9553086535478,1,1,Q1,2024,-2.5329,14.4083,-202.7333,2.5993
2024-01-29,137.0,272.0,166.0,8057,195.0,8329.0,-29.0,0.6621689155422272,8081.142857142857,8295.142857142857,-33779.0,1.1746987951807228,0,448.92450232884886,1,1,Q1,2024,-2.4649,14.6602,-198.6,2.5733
2024-01-30,93.0,198.0,208.0,8182,187.0,8380.0,21.0,1.5514459476231757,8110.857142857143,8214.5,-33758.0,0.8990384615384616,0,340.78207563913713,1,1,Q1,2024,-2.3393,14.7633,-191.4,2.5134
2024-01-31,203.0,477.0,258.0,8153,266.0,8630.0,-8.0,-0.3544365680762662,8131.571428571428,8143.714285714285,-33766.0,1.0310077519379846,0,211.1115011884979,1,1,Q1,2024,-2.2155,14.8564,-180.6333,2.3799
2024-02-01,222.0,459.0,289.0,8026,337.0,8485.0,-48.0,-1.557708818839687,8116.285714285715,8086.357142857143,-33814.0,1.166089965397924,0,77.24447417908821,2,1,Q1,2024,-2.1875,14.9031,-175.5667,2.2999
2024-02-04,253.0,531.0,248.0,7813,342.0,8344.0,-94.0,-2.6538749065536993,8059.285714285715,8070.642857142857,-33908.0,1.3790322580645162,0,105.97068327740794,2,1,Q1,2024,-2.2386,14.8857,-174.9,2.2668
2024-02-05,157.0,466.0,345.0,7872,242.0,8338.0,103.0,0.7551516702930972,8015.285714285715,8052.0,-33805.0,0.7014492753623188,0,116.58341351876456,2,1,Q1,2024,-2.0651,14.5984,-162.5667,2.1176
2024-02-06,291.0,455.0,323.0,8045,178.0,8500.0,145.0,2.197662601626016,8021.142857142857,8050.071428571428,-33660.0,0.5510835913312694,0,116.4503620139575,2,1,Q1,2024,-1.8281,14.1842,-147.0667,1.9783
2024-02-07,227.0,453.0,330.0,8160,222.0,8613.0,108.0,1.429459291485391,8035.857142857143,8058.5,-33552.0,0.6727272727272727,0,120.03637269272063,2,1,Q1,2024,-1.7002,13.7379,-138.7333,1.898
2024-02-08,298.0,499.0,358.0,8188,315.0,8687.0,43.0,0.3431372549019595,8036.714285714285,8073.785714285715,-33509.0,0.8798882681564246,0,122.0568458807969,2,1,Q1,2024,-1.5873,13.0929,-129.9667,1.7917
2024-02-11,205.0,515.0,226.0,8056,347.0,8571.0,-121.0,-1.6121152906692693,8022.857142857143,8077.214285714285,-33630.0,1.5353982300884956,0,120.73376850383593,2,1,Q1,2024,-1.5578,12.3136,-125.5,1.7425
2024-02-12,213.0,430.0,440.0,8092,234.0,8522.0,206.0,0.4468718967229446,8032.285714285715,8074.285714285715,-33424.0,0.5318181818181819,0,119.76992596152904,2,1,Q1,2024,-1.361,11.2681,-110.1333,1.6108
2024-02-13,227.0,369.0,349.0,8348,160.0,8717.0,189.0,3.1636183885318747,8108.714285714285,8084.0,-33235.0,0.4584527220630373,0,136.1887830013163,2,1,Q1,2024,-1.1651,10.2585,-97.2667,1.5151
2024-02-14,185.0,322.0,272.0,8512,230.0,8834.0,42.0,1.964542405366565,8200.142857142857,8107.714285714285,-33193.0,0.8455882352941176,0,176.9856267833835,2,1,Q1,2024,-1.0444,9.0885,-88.9,1.4575
2024-02-15,333.0,508.0,272.0,8463,312.0,8971.0,-40.0,-0.5756578947368474,8259.857142857143,8140.5,-33233.0,1.1470588235294117,0,197.6075169856294,2,1,Q1,2024,-1.0142,7.6563,-85.8333,1.4313
2024-02-19,249.0,420.0,371.0,8380,218.0,8800.0,153.0,-0.9807396904171096,8291.285714285714,8163.571428571428,-33080.0,0.5876010781671159,0,205.7947873622885,2,1,Q1,2024,-0.8862,5.9708,-74.2667,1.3609
2024-02-20,149.0,395.0,273.0,8488,192.0,8883.0,81.0,1.288782816229106,8334.142857142857,8185.428571428572,-32999.0,0.7032967032967034,0,223.39950908481362,2,1,Q1,2024,-0.7524,5.1777,-63.8667,1.3036
2024-02-21,232.0,430.0,318.0,8573,231.0,9003.0,87.0,1.0014137606032092,8408.0,8215.42857142857,-32912.0,0.7264150943396226,0,245.78843757172785,2,1,Q1,2024,-0.6139,4.1899,-52.6333,1.2425
2024-02-22,165.0,400.0,292.0,8607,293.0,9007.0,-1.0,0.3965939577744048,8481.57142857143,8256.92857142857,-32913.0,1.0034246575342465,0,259.98356879608986,2,1,Q1,2024,-0.5213,3.5327,-44.8667,1.1993
2024-02-25,244.0,482.0,366.0,8404,329.0,8886.0,37.0,-2.3585453700476378,8489.57142857143,8299.142857142857,-32876.0,0.8989071038251366,0,228.42230025271718,2,1,Q1,2024,-0.4192,2.8816,-35.2333,1.1505
2024-02-26,199.0,438.0,326.0,8404,329.0,8842.0,-3.0,0.0,8474.142857142857,8337.142857142857,-32879.0,1.00920245398773,0,193.47544353933523,2,1,Q1,2024,-0.236,2.5467,-19.8333,1.0811
2024-02-27,197.0,369.0,306.0,8650,206.0,9019.0,100.0,2.9271775345073747,8500.857142857143,8380.357142857143,-32779.0,0.673202614379085,0,190.75018182986645,2,1,Q1,2024,-0.1137,2.7135,-9.8333,1.0388
2024-02-28,209.0,447.0,274.0,8699,257.0,9146.0,17.0,0.5664739884392977,8546.42857142857,8418.857142857143,-32762.0,0.9379562043795621,0,197.14065932839617,2,1,Q1,2024,-0.0494,2.9114,-4.3,1.0164
2024-02-29,262.0,444.0,354.0,8724,299.0,9168.0,55.0,0.2873893550982886,8580.142857142857,8457.142857142857,-32707.0,0.844632768361582,0,200.8699759863142,2,1,Q1,2024,0.0588,3.0811,5.1333,0.9809
2024-03-03,236.0,468.0,347.0,8594,354.0,9062.0,-7.0,-1.4901421366345755,8583.142857142857,8495.57142857143,-32714.0,1.0201729106628241,0,166.79638175640426,3,1,Q1,2024,0.1327,3.1286,11.4,0.9586
2024-03-04,225.0,509.0,340.0,8660,229.0,9169.0,111.0,0.7679776588317422,8590.714285714286,8536.142857142857,-32603.0,0.6735294117647059,0,124.89864022344472,3,1,Q1,2024,0.2564,3.1625,22.2,0.9211
2024-03-05,246.0,472.0,345.0,8800,214.0,9272.0,131.0,1.616628175519641,8647.285714285714,8568.42857142857,-32472.0,0.6202898550724638,0,130.80385449841867,3,1,Q1,2024,0.3394,3.2769,29.8667,0.8965
2024-03-06,230.0,457.0,277.0,8870,232.0,9327.0,45.0,0.7954545454545547,8713.857142857143,8594.0,-32427.0,0.8375451263537906,0,152.17196749829694,3,1,Q1,2024,0.363,3.4555,32.2,0.8897
2024-03-07,181.0,424.0,328.0,8902,305.0,9326.0,23.0,0.3607666290868172,8749.857142857143,8625.357142857143,-32404.0,0.9298780487804879,0,167.55463271736133,3,1,Q1,2024,0.3846,3.6427,34.2333,0.8844
2024-03-10,190.0,368.0,326.0,8714,373.0,9082.0,-47.0,-2.1118849696697417,8752.0,8649.214285714286,-32451.0,1.1441717791411044,0,153.085787197091,3,1,Q1,2024,0.4277,3.6883,37.2667,0.8765
2024-03-11,178.0,336.0,290.0,8757,253.0,9093.0,37.0,0.4934588019279262,8756.714285714286,8668.42857142857,-32414.0,0.8724137931034482,0,148.09493539653747,3,1,Q1,2024,0.5085,3.6639,44.5333,0.8551
2024-03-12,154.0,294.0,290.0,8843,213.0,9137.0,77.0,0.9820714856686008,8792.285714285714,8687.714285714286,-32337.0,0.7344827586206897,0,152.23434797473064,3,1,Q1,2024,0.5436,3.6842,48.0667,0.8456
2024-03-13,165.0,358.0,167.0,8819,239.0,9177.0,-72.0,-0.271401108221192,8815.0,8702.857142857143,-32409.0,1.4311377245508983,0,154.12026130606446,3,1,Q1,2024,0.5099,3.7225,44.9667,0.8549
2024-03-14,166.0,301.0,252.0,8695,310.0,8996.0,-58.0,-1.4060551082889172,8800.0,8723.642857142857,-32467.0,1.2301587301587302,0,128.14871597713352,3,1,Q1,2024,0.498,3.6872,43.3,0.8602
2024-03-17,127.0,260.0,259.0,8373,342.0,8633.0,-83.0,-3.703277745830935,8729.0,8721.42857142857,-32550.0,1.3204633204633205,0,134.2206646279979,3,1,Q1,2024,0.5032,3.5544,42.1333,0.8636
2024-03-18,123.0,243.0,188.0,8333,283.0,8576.0,-95.0,-0.477726024125169,8647.714285714286,8698.785714285714,-32645.0,1.5053191489361701,0,169.34133875396088,3,1,Q1,2024,0.5052,3.2406,42.1,0.8628
2024-03-19,99.0,202.0,256.0,8390,197.0,8592.0,59.0,0.6840273610944525,8601.42857142857,8676.714285714286,-32586.0,0.76953125,0,188.37827270247595,3,1,Q1,2024,0.4843,2.9319,40.6333,0.8663
2024-03-20,91.0,181.0,174.0,8365,227.0,8546.0,-53.0,-0.2979737783075142,8545.42857142857,8651.07142857143,-32639.0,1.3045977011494252,0,205.1354015449985,3,1,Q1,2024,0.4069,2.7583,34.0333,0.8861
2024-03-21,132.0,261.0,141.0,8292,235.0,8553.0,-94.0,-0.8726838015540972,8466.714285714286,8629.5,-32733.0,1.6666666666666667,0,226.3774078154125,3,1,Q1,2024,0.3292,2.6868,27.3,0.9067
2024-03-24,124.0,264.0,221.0,7899,373.0,8163.0,-152.0,-4.739507959479017,8335.285714285714,8575.142857142857,-32885.0,1.6877828054298643,0,298.39850926180094,3,1,Q1,2024,0.2633,2.9267,20.8,0.9278
2024-03-25,128.0,242.0,224.0,7899,229.0,8141.0,-5.0,0.0,8221.57142857143,8510.785714285714,-32890.0,1.0223214285714286,0,340.38037061982806,3,1,Q1,2024,0.3123,3.0638,24.6667,0.9143
2024-03-26,187.0,276.0,200.0,7919,208.0,8195.0,-8.0,0.2531966071654734,8156.714285714285,8442.857142857143,-32898.0,1.04,0,357.63536590366687,3,1,Q1,2024,0.2214,3.1999,17.5333,0.9374
2024-03-27,129.0,287.0,185.0,7893,215.0,8180.0,-30.0,-0.328324283369108,8093.857142857143,8370.785714285714,-32928.0,1.162162162162162,0,359.65264836022294,3,1,Q1,2024,0.1297,3.4564,10.2333,0.9627
2024-03-28,161.0,288.0,248.0,7762,360.0,8050.0,-112.0,-1.6596984669960737,8004.142857142857,8302.785714285714,-33040.0,1.4516129032258065,0,379.23387924186017,3,1,Q1,2024,0.0657,3.811,5.1,0.9814
2024-03-31,105.0,254.0,151.0,7257,287.0,7511.0,-136.0,-6.5060551404277245,7845.857142857143,8195.642857142857,-33176.0,1.900662251655629,0,446.89365576212185,3,1,Q1,2024,0.0262,4.6466,1.9,0.993
2024-04-01,109.0,235.0,171.0,7271,172.0,7506.0,-1.0,0.1929171834091247,7700.0,8083.357142857143,-33177.0,1.0058479532163742,0,468.68565932055253,4,2,Q2,2024,-0.0445,5.307,-3.2333,1.0123
2024-04-02,101.0,230.0,175.0,7340,132.0,7570.0,43.0,0.94897538165315,7620.142857142857,7977.714285714285,-33134.0,0.7542857142857143,0,456.64536460034515,4,2,Q2,2024,-0.0613,5.8018,-4.5,1.0173
2024-04-03,124.0,230.0,190.0,7346,163.0,7576.0,27.0,0.0817438692098049,7541.142857142857,7881.357142857143,-33107.0,0.8578947368421053,0,435.4840997084665,4,2,Q2,2024,-0.0885,6.2134,-6.5,1.0254
2024-04-04,95.0,226.0,152.0,7317,225.0,7543.0,-73.0,-0.394772665396137,7455.142857142857,7805.928571428572,-33180.0,1.480263157894737,0,435.2308784799277,4,2,Q2,2024,-0.1216,6.5826,-8.9,1.0355
2024-04-07,106.0,239.0,233.0,6982,279.0,7221.0,-46.0,-4.578379117124509,7325.0,7709.428571428572,-33226.0,1.1974248927038627,0,458.52769638446034,4,2,Q2,2024,-0.1671,7.2038,-11.6667,1.0474
2024-04-08,102.0,230.0,167.0,6988,199.0,7218.0,-32.0,0.0859352621025433,7214.428571428572,7609.285714285715,-33258.0,1.1916167664670658,0,451.5018406251552,4,2,Q2,2024,-0.1808,7.7385,-12.6333,1.0524
2024-04-09,118.0,231.0,217.0,7043,130.0,7274.0,87.0,0.7870635374928492,7183.857142857143,7514.857142857143,-33171.0,0.5990783410138248,0,418.3154601204869,4,2,Q2,2024,-0.1855,8.1117,-13.0667,1.0549
2024-04-10,117.0,244.0,142.0,6999,227.0,7243.0,-85.0,-0.6247337782195106,7145.0,7422.5,-33256.0,1.5985915492957747,0,373.9170516818556,4,2,Q2,2024,-0.2353,8.4371,-16.4667,1.0705
2024-04-11,183.0,221.0,220.0,6912,285.0,7133.0,-65.0,-1.243034719245606,7083.857142857143,7352.0,-33321.0,1.2954545454545454,0,370.19288111842286,4,2,Q2,2024,-0.2961,8.7493,-20.4667,1.0893
2024-04-14,128.0,245.0,243.0,6630,290.0,6875.0,-47.0,-4.079861111111116,6981.571428571428,7261.357142857143,-33368.0,1.1934156378600822,0,381.1526258283067,4,2,Q2,2024,-0.3288,9.2527,-21.8,1.0966
2024-04-15,144.0,303.0,176.0,6681,191.0,6984.0,-15.0,0.7692307692307665,6890.714285714285,7172.928571428572,-33383.0,1.0852272727272727,0,359.8558395728959,4,2,Q2,2024,-0.3892,9.6077,-26.0,1.118
2024-04-16,219.0,392.0,205.0,6685,163.0,7077.0,42.0,0.0598712767549747,6848.285714285715,7086.642857142857,-33341.0,0.7951219512195122,0,316.0804686110022,4,2,Q2,2024,-0.4333,9.8155,-28.9667,1.1344
2024-04-17,182.0,371.0,274.0,6725,227.0,7096.0,47.0,0.5983545250560995,6810.714285714285,7012.571428571428,-33294.0,0.8284671532846716,0,262.62805353861626,4,2,Q2,2024,-0.4297,9.872,-28.9,1.1341
2024-04-18,144.0,322.0,258.0,6728,260.0,7050.0,-2.0,0.0446096654275196,6765.714285714285,6974.785714285715,-33296.0,1.0077519379844961,0,262.81060117107097,4,2,Q2,2024,-0.4419,9.8144,-29.7333,1.1395
2024-04-21,208.0,380.0,343.0,6745,240.0,7125.0,103.0,0.2526753864447117,6729.428571428572,6937.214285714285,-33193.0,0.6997084548104956,0,254.67903739393142,4,2,Q2,2024,-0.3667,9.7792,-24.7333,1.1157
2024-04-22,176.0,424.0,251.0,6799,214.0,7223.0,37.0,0.8005930318754739,6713.285714285715,6898.571428571428,-33156.0,0.852589641434263,0,228.56734886466222,4,2,Q2,2024,-0.3638,9.6017,-24.7333,1.1164
2024-04-23,252.0,427.0,307.0,6967,134.0,7394.0,173.0,2.4709516105309692,6761.428571428572,6871.5,-32983.0,0.4364820846905538,0,190.82603837805797,4,2,Q2,2024,-0.3091,9.1838,-21.5333,1.1011
2024-04-24,253.0,411.0,307.0,7128,154.0,7539.0,153.0,2.3108942155877665,6825.285714285715,6858.0,-32830.0,0.501628664495114,0,161.28331498420653,4,2,Q2,2024,-0.1969,8.6204,-14.0333,1.0645
2024-04-25,145.0,357.0,333.0,7209,217.0,7566.0,116.0,1.1363636363636465,6900.142857142857,6874.214285714285,-32714.0,0.6516516516516516,0,184.4543631576636,4,2,Q2,2024,-0.1142,8.0399,-8.2333,1.0374
2024-04-28,158.0,349.0,365.0,7298,250.0,7647.0,115.0,1.2345679012345734,6982.0,6896.357142857143,-32599.0,0.684931506849315,0,215.20780910294204,4,2,Q2,2024,-0.0224,7.6482,-1.6333,1.0073
2024-04-29,140.0,292.0,255.0,7373,187.0,7665.0,68.0,1.0276788161140082,7074.142857142857,6919.928571428572,-32531.0,0.7333333333333333,0,248.06837279751105,4,2,Q2,2024,0.0515,7.2292,3.8,0.9832
2024-04-30,220.0,443.0,194.0,7431,135.0,7874.0,59.0,0.7866540078665496,7172.142857142857,6950.785714285715,-32472.0,0.6958762886597938,0,283.06079221237883,4,2,Q2,2024,0.0511,6.6934,3.8,0.983
2024-05-01,197.0,437.0,295.0,7508,190.0,7945.0,105.0,1.036199703942953,7273.428571428572,6993.357142857143,-32367.0,0.6440677966101694,0,319.27986448900816,5,2,Q2,2024,0.1208,6.1144,9.0667,0.9603
2024-05-02,206.0,411.0,293.0,7577,194.0,7988.0,99.0,0.9190197123068788,7360.571428571428,7061.0,-32268.0,0.6621160409556314,0,336.24258642097186,5,2,Q2,2024,0.2046,5.5569,15.5,0.9335
2024-05-05,150.0,315.0,228.0,7447,332.0,7762.0,-104.0,-1.7157186221459677,7406.142857142857,7115.714285714285,-32372.0,1.456140350877193,0,331.9468049532474,5,2,Q2,2024,0.2296,5.3082,17.1,0.9267
2024-05-06,173.0,337.0,211.0,7449,205.0,7786.0,6.0,0.0268564522626579,7440.428571428572,7170.285714285715,-32366.0,0.9715639810426541,0,318.2070996092739,5,2,Q2,2024,0.2345,5.0367,17.4667,0.925
2024-05-07,176.0,334.0,246.0,7566,163.0,7900.0,83.0,1.5706806282722583,7478.714285714285,7230.357142857143,-32283.0,0.6626016260162602,0,306.8594283889564,5,2,Q2,2024,0.2709,4.7708,20.5,0.9126
2024-05-08,167.0,374.0,205.0,7583,202.0,7957.0,3.0,0.2246893999471311,7508.714285714285,7291.428571428572,-32280.0,0.9853658536585366,0,283.37165437898517,5,2,Q2,2024,0.2848,4.5198,21.6,0.9082
2024-05-09,138.0,285.0,268.0,7570,244.0,7855.0,24.0,-0.171436107081635,7528.571428571428,7350.357142857143,-32256.0,0.9104477611940298,0,244.05157309400622,5,2,Q2,2024,0.3452,4.3752,26.1333,0.8892
2024-05-12,138.0,301.0,263.0,7464,245.0,7765.0,18.0,-1.4002642007926005,7522.285714285715,7397.857142857143,-32238.0,0.9315589353612167,0,186.38828666679225,5,2,Q2,2024,0.4189,4.4359,31.2667,0.8695
2024-05-13,112.0,331.0,167.0,7499,157.0,7830.0,10.0,0.4689174705251986,7511.142857142857,7435.857142857143,-32228.0,0.9401197604790419,0,140.33030109916552,5,2,Q2,2024,0.4218,4.5074,31.6333,0.8679
2024-05-14,246.0,419.0,218.0,7546,186.0,7965.0,32.0,0.6267502333644481,7525.285714285715,7465.714285714285,-32196.0,0.8532110091743119,0,111.24431088053826,5,2,Q2,2024,0.4143,4.5861,31.2667,0.8702
2024-05-15,115.0,285.0,341.0,7589,265.0,7874.0,76.0,0.5698383249403749,7545.285714285715,7492.857142857143,-32120.0,0.7771260997067448,0,87.64513865388967,5,2,Q2,2024,0.4335,4.6828,32.9,0.8662
2024-05-16,206.0,340.0,214.0,7565,234.0,7905.0,-20.0,-0.3162471998945815,7545.142857142857,7511.928571428572,-32140.0,1.0934579439252337,0,69.06236232637256,5,2,Q2,2024,0.4583,4.7669,34.6667,0.8602
2024-05-19,143.0,295.0,278.0,7356,298.0,7651.0,-20.0,-2.762723066754791,7512.714285714285,7510.714285714285,-32160.0,1.0719424460431655,0,71.78860909359975,5,2,Q2,2024,0.4831,4.7447,35.5333,0.8576
2024-05-20,111.0,268.0,217.0,7368,192.0,7636.0,25.0,0.1631321370309857,7483.857142857143,7506.214285714285,-32135.0,0.8847926267281107,0,78.80177523513694,5,2,Q2,2024,0.5081,4.7202,37.4333,0.8509
2024-05-21,196.0,348.0,176.0,7404,145.0,7752.0,31.0,0.4885993485342021,7475.285714285715,7498.785714285715,-32104.0,0.8238636363636364,0,83.38896677744019,5,2,Q2,2024,0.4804,4.7138,35.5667,0.8576
2024-05-22,168.0,349.0,272.0,7474,208.0,7823.0,64.0,0.945434900054032,7471.714285714285,7491.428571428572,-32040.0,0.7647058823529411,0,80.4494244236658,5,2,Q2,2024,0.5423,4.7047,40.5333,0.8405
2024-05-23,193.0,272.0,314.0,7494,227.0,7766.0,87.0,0.2675943270002756,7464.285714285715,7494.785714285715,-31953.0,0.7229299363057324,0,79.42696555409937,5,2,Q2,2024,0.6085,4.652,45.6,0.8227
2024-05-27,156.0,344.0,252.0,7365,167.0,7709.0,85.0,-1.7213771016813428,7432.285714285715,7488.785714285715,-31868.0,0.6626984126984127,0,86.04844661482498,5,2,Q2,2024,0.6789,4.3422,50.0,0.8059
2024-05-28,153.0,348.0,239.0,7418,151.0,7766.0,88.0,0.7196198234894702,7411.285714285715,7478.214285714285,-31780.0,0.6317991631799164,0,84.91641009419742,5,2,Q2,2024,0.7203,4.0445,53.4333,0.7942
2024-05-29,182.0,462.0,158.0,7491,141.0,7953.0,17.0,0.9840927473712568,7430.571428571428,7471.642857142857,-31763.0,0.8924050632911392,0,79.57541864631601,5,2,Q2,2024,0.7022,3.7145,52.6,0.7962
2024-05-30,167.0,406.0,339.0,7563,190.0,7969.0,149.0,0.9611533840608644,7458.428571428572,7471.142857142857,-31614.0,0.56047197640118,0,78.92923524153379,5,2,Q2,2024,0.7404,3.3881,56.0,0.7848
2024-06-02,159.0,330.0,322.0,7546,306.0,7876.0,16.0,-0.2247785270395375,7478.714285714285,7477.0,-31598.0,0.9503105590062112,0,81.36338242716563,6,2,Q2,2024,0.7501,2.9821,56.6,0.7843
2024-06-03,109.0,244.0,257.0,7596,224.0,7840.0,33.0,0.662602703419024,7496.142857142857,7483.928571428572,-31565.0,0.8715953307392996,0,87.29478289604897,6,2,Q2,2024,0.7144,2.5104,54.2667,0.7909
2024-06-04,260.0,356.0,176.0,7565,203.0,7921.0,-27.0,-0.4081095313322791,7506.285714285715,7485.285714285715,-31592.0,1.1534090909090908,0,88.4737497543401,6,2,Q2,2024,0.6891,1.9638,52.1333,0.7971
2024-06-05,173.0,345.0,291.0,7691,198.0,8036.0,93.0,1.6655651024454654,7552.857142857143,7492.571428571428,-31499.0,0.6804123711340206,0,100.98645323137625,6,2,Q2,2024,0.6432,1.6335,49.4667,0.8071
2024-06-06,179.0,326.0,282.0,7741,238.0,8067.0,44.0,0.650110518788205,7599.0,7505.142857142857,-31455.0,0.8439716312056738,0,119.88318490083266,6,2,Q2,2024,0.5921,1.517,45.8333,0.8207
2024-06-09,116.0,289.0,166.0,7451,312.0,7740.0,-146.0,-3.746286009559485,7593.285714285715,7511.928571428572,-31601.0,1.8795180722891567,0,113.29978225632154,6,2,Q2,2024,0.4979,1.3435,37.1,0.8516
2024-06-10,184.0,334.0,229.0,7439,212.0,7773.0,17.0,-0.1610522077573506,7575.571428571428,7517.0,-31584.0,0.925764192139738,0,107.81822309219551,6,2,Q2,2024,0.4548,1.2539,33.8333,0.8622
2024-06-11,186.0,352.0,224.0,7493,156.0,7845.0,68.0,0.7259040193574373,7568.0,7523.357142857143,-31516.0,0.6964285714285714,0,103.16648765860641,6,2,Q2,2024,0.4515,1.2095,33.8333,0.8616
2024-06-12,152.0,266.0,274.0,7548,212.0,7814.0,62.0,0.734018417189386,7561.142857142857,7528.642857142857,-31454.0,0.7737226277372263,0,102.33550188006191,6,2,Q2,2024,0.4496,1.1966,33.9333,0.8627
2024-06-13,167.0,293.0,230.0,7544,259.0,7837.0,-29.0,-0.0529941706412295,7558.142857142857,7532.214285714285,-31483.0,1.126086956521739,0,101.90506786775651,6,2,Q2,2024,0.3906,1.1988,29.4667,0.8797
2024-06-16,204.0,315.0,233.0,7307,294.0,7622.0,-61.0,-3.141569459172855,7503.285714285715,7528.071428571428,-31544.0,1.261802575107296,0,110.07722064752416,6,2,Q2,2024,0.3303,1.2891,24.1333,0.9007
2024-06-17,159.0,310.0,272.0,7318,224.0,7628.0,48.0,0.1505405775283907,7442.857142857143,7520.928571428572,-31496.0,0.8235294117647058,0,120.51840860705076,6,2,Q2,2024,0.399,1.3613,29.2,0.8806
2024-06-18,160.0,297.0,253.0,7340,214.0,7637.0,39.0,0.3006285870456482,7427.0,7510.142857142857,-31457.0,0.8458498023715415,0,129.802131748992,6,2,Q2,2024,0.4128,1.412,30.3,0.8768
2024-06-19,204.0,321.0,246.0,7433,198.0,7754.0,48.0,1.267029972752054,7426.142857142857,7500.857142857143,-31409.0,0.8048780487804879,0,130.37865395294853,6,2,Q2,2024,0.3919,1.4098,29.1333,0.8815
2024-06-20,145.0,247.0,243.0,7431,235.0,7678.0,8.0,-0.0269070361899603,7417.285714285715,7492.642857142857,-31401.0,0.9670781893004116,0,130.93721757027015,6,2,Q2,2024,0.3943,1.3991,29.3,0.8814
2024-06-23,102.0,227.0,201.0,7247,294.0,7474.0,-93.0,-2.4761135782532584,7374.285714285715,7467.714285714285,-31494.0,1.462686567164179,0,142.4610222381275,6,2,Q2,2024,0.3505,1.5015,25.4,0.8963
2024-06-24,116.0,175.0,172.0,7239,202.0,7414.0,-30.0,-0.1103905064164467,7330.714285714285,7444.428571428572,-31524.0,1.1744186046511629,0,151.68069411438762,6,2,Q2,2024,0.3288,1.611,23.8,0.9016
2024-06-25,172.0,263.0,191.0,7239,202.0,7502.0,-11.0,0.0,7321.0,7412.142857142857,-31535.0,1.057591623036649,0,143.01740461205264,6,2,Q2,2024,0.3191,1.7055,23.1,0.9048
2024-06-26,132.0,235.0,197.0,7268,187.0,7503.0,10.0,0.4006078187595019,7313.857142857143,7378.357142857143,-31525.0,0.949238578680203,0,111.82101573688736,6,2,Q2,2024,0.3077,1.7559,22.3667,0.9076
2024-06-27,174.0,208.0,256.0,7248,268.0,7456.0,-12.0,-0.2751788662630705,7300.714285714285,7363.857142857143,-31537.0,1.046875,0,114.7987249612858,6,2,Q2,2024,0.2681,1.7904,19.4333,0.9187
2024-06-30,123.0,230.0,167.0,6874,273.0,7104.0,-106.0,-5.160044150110377,7220.857142857143,7323.5,-31643.0,1.6347305389221556,0,171.6067732211478,6,2,Q2,2024,0.241,2.243,16.5667,0.9303
2024-07-01,123.0,233.0,159.0,6825,229.0,7058.0,-70.0,-0.7128309572301372,7134.285714285715,7275.785714285715,-31713.0,1.440251572327044,0,209.52957513709828,7,3,Q3,2024,0.2183,2.6788,14.9,0.9362
2024-07-02,141.0,232.0,188.0,6823,184.0,7055.0,4.0,-0.0293040293040336,7073.714285714285,7224.0,-31709.0,0.9787234042553191,0,226.01974045846825,7,3,Q3,2024,0.2081,3.0398,14.2,0.939
2024-07-04,158.0,226.0,191.0,6790,225.0,7016.0,-34.0,-0.4836582148614932,7009.571428571428,7170.142857142857,-31743.0,1.1780104712041886,0,233.60909398223188,7,3,Q3,2024,0.1772,3.3805,12.0333,0.9484
2024-07-07,96.0,160.0,233.0,6599,213.0,6759.0,20.0,-2.812960235640649,6918.142857142857,7119.571428571428,-31723.0,0.9141630901287554,0,274.7196373047798,7,3,Q3,2024,0.1601,3.8715,10.5667,0.9544
2024-07-08,141.0,173.0,129.0,6617,123.0,6790.0,6.0,0.2727686013032304,6825.142857142857,7069.5,-31717.0,0.9534883720930233,0,298.6154589228146,7,3,Q3,2024,0.1189,4.2505,7.8667,0.9651
2024-07-09,116.0,181.0,182.0,6651,130.0,6832.0,52.0,0.5138280187396038,6739.857142857143,7020.285714285715,-31665.0,0.7142857142857143,0,307.256952996716,7,3,Q3,2024,0.1017,4.5611,6.7667,0.9697
2024-07-10,150.0,157.0,201.0,6649,177.0,6806.0,24.0,-0.0300706660652516,6707.714285714285,6964.285714285715,-31641.0,0.8805970149253731,0,297.54183379339116,7,3,Q3,2024,0.0697,4.8256,4.6333,0.9791
2024-07-11,80.0,176.0,125.0,6640,197.0,6816.0,-72.0,-0.135358700556476,6681.285714285715,6907.785714285715,-31713.0,1.576,0,276.45452500473874,7,3,Q3,2024,0.0251,5.0408,1.6667,0.9925
2024-07-14,116.0,188.0,164.0,6308,237.0,6496.0,-73.0,-5.000000000000004,6607.714285714285,6840.714285714285,-31786.0,1.4451219512195121,0,300.672177365565,7,3,Q3,2024,-0.0909,5.4949,-5.7333,1.0267
2024-07-15,105.0,185.0,158.0,6283,171.0,6468.0,-13.0,-0.3963221306277797,6535.285714285715,6772.428571428572,-31799.0,1.0822784810126582,0,311.6187794986937,7,3,Q3,2024,-0.1066,5.8959,-6.7,1.032
2024-07-16,136.0,246.0,123.0,6239,173.0,6485.0,-50.0,-0.7003024033105154,6483.857142857143,6701.0,-31849.0,1.4065040650406504,0,311.0540393317651,7,3,Q3,2024,-0.1517,6.2387,-9.4667,1.0461
2024-07-17,128.0,228.0,177.0,6228,187.0,6456.0,-10.0,-0.1763103061388049,6428.285714285715,6626.714285714285,-31859.0,1.0564971751412429,0,288.60311544013217,7,3,Q3,2024,-0.1429,6.5328,-8.9,1.0434
2024-07-21,90.0,196.0,205.0,6058,262.0,6254.0,-57.0,-2.729608220937696,6343.571428571428,6541.714285714285,-31916.0,1.278048780487805,0,265.892236288827,7,3,Q3,2024,-0.2294,6.838,-13.9,1.0687
2024-07-22,102.0,189.0,155.0,6002,234.0,6191.0,-79.0,-0.9243974909210916,6251.142857142857,6479.428571428572,-31995.0,1.5096774193548388,0,283.60962180858695,7,3,Q3,2024,-0.2999,7.0651,-18.0,1.0908
2024-07-23,120.0,257.0,126.0,5965,170.0,6222.0,-44.0,-0.6164611796067976,6154.714285714285,6418.0,-32039.0,1.3492063492063493,0,295.87367366702796,7,3,Q3,2024,-0.2448,7.4204,-14.6,1.0742
2024-07-24,137.0,272.0,166.0,5927,177.0,6199.0,-11.0,-0.6370494551550698,6100.285714285715,6354.0,-32050.0,1.0662650602409638,0,298.4250969029426,7,3,Q3,2024,-0.2621,7.7389,-15.5333,1.0798
2024-07-25,93.0,198.0,208.0,5954,194.0,6152.0,14.0,0.4555424329340196,6053.285714285715,6294.285714285715,-32036.0,0.9326923076923077,0,287.9277229208153,7,3,Q3,2024,-0.2911,7.9273,-17.3333,1.0893
2024-07-28,152.0,290.0,199.0,5743,207.0,6033.0,-8.0,-3.54383607658717,5982.428571428572,6233.142857142857,-32044.0,1.0402010050251256,0,308.40254841379635,7,3,Q3,2024,-0.3424,8.1867,-19.6667,1.1026
2024-07-29,114.0,210.0,219.0,5819,163.0,6029.0,56.0,1.3233501654187796,5924.0,6176.142857142857,-31988.0,0.7442922374429224,0,305.732375966756,7,3,Q3,2024,-0.2893,8.2832,-16.8333,1.088
2024-07-30,125.0,203.0,208.0,5930,92.0,6133.0,116.0,1.9075442515896104,5905.714285714285,6124.642857142857,-31872.0,0.4423076923076923,0,279.1615488022347,7,3,Q3,2024,-0.1844,8.376,-10.9333,1.0574
2024-07-31,140.0,261.0,163.0,5963,154.0,6224.0,9.0,0.5564924114671133,5900.142857142857,6075.642857142857,-31863.0,0.9447852760736196,0,237.0766208967394,7,3,Q3,2024,-0.2052,8.3819,-12.2333,1.0655
2024-08-01,227.0,298.0,212.0,6016,169.0,6314.0,43.0,0.8888143551903482,5907.428571428572,6031.071428571428,-31820.0,0.7971698113207547,0,172.74145388441644,8,3,Q3,2024,-0.2011,8.2821,-12.1,1.0652
2024-08-04,63.0,167.0,143.0,5943,170.0,6110.0,-27.0,-1.2134308510638347,5909.714285714285,6005.0,-31847.0,1.1888111888111887,0,154.28893973019888,8,3,Q3,2024,-0.2457,8.0788,-14.6,1.0802
2024-08-05,172.0,259.0,138.0,5950,150.0,6209.0,-12.0,0.1177856301531221,5909.142857142857,5981.214285714285,-31859.0,1.0869565217391304,0,132.22543603277666,8,3,Q3,2024,-0.2566,7.7825,-15.2667,1.0855
2024-08-06,163.0,283.0,200.0,5998,143.0,6281.0,57.0,0.806722689075623,5945.571428571428,5964.0,-31802.0,0.715,0,109.88315472491524,8,3,Q3,2024,-0.1712,7.5471,-10.2667,1.0575
2024-08-07,135.0,273.0,207.0,6038,174.0,6311.0,33.0,0.6668889629876551,5976.857142857143,5950.428571428572,-31769.0,0.8405797101449275,0,83.28238735739997,8,3,Q3,2024,-0.1353,7.2269,-8.1667,1.0455
2024-08-08,119.0,230.0,213.0,6084,174.0,6314.0,39.0,0.7618416694269659,5998.857142857143,5952.285714285715,-31730.0,0.8169014084507042,0,86.10765048774377,8,3,Q3,2024,-0.1068,6.8057,-6.5,1.036
2024-08-11,95.0,211.0,140.0,5894,249.0,6105.0,-109.0,-3.122945430637736,5989.0,5944.571428571428,-31839.0,1.7785714285714285,0,86.14898926650461,8,3,Q3,2024,-0.1776,6.3258,-10.4667,1.0586
2024-08-12,109.0,219.0,155.0,5903,148.0,6122.0,7.0,0.152697658635903,5972.857142857143,5940.142857142857,-31832.0,0.9548387096774194,0,86.61040721157372,8,3,Q3,2024,-0.1666,5.7191,-9.8333,1.0561
2024-08-13,162.0,239.0,189.0,5981,123.0,6220.0,66.0,1.321362019312211,5978.285714285715,5944.0,-31766.0,0.6507936507936508,0,87.18062593520145,8,3,Q3,2024,-0.0686,5.4327,-4.1,1.0233
2024-08-14,109.0,226.0,191.0,5987,178.0,6213.0,13.0,0.1003176726299903,5983.571428571428,5946.357142857143,-31753.0,0.9319371727748691,0,87.91482516338449,8,3,Q3,2024,-0.0223,5.133,-1.3333,1.0075
2024-08-15,124.0,241.0,156.0,5895,220.0,6136.0,-64.0,-1.5366627693335522,5968.857142857143,5957.214285714285,-31817.0,1.4102564102564104,0,67.99907077575104,8,3,Q3,2024,-0.0611,4.8031,-3.6,1.0205
2024-08-18,86.0,244.0,235.0,5821,178.0,6065.0,57.0,-1.255301102629347,5937.857142857143,5957.357142857143,-31760.0,0.7574468085106383,0,67.68775271881789,8,3,Q3,2024,-0.0097,4.4686,-0.5667,1.0032
2024-08-19,176.0,254.0,162.0,5865,158.0,6119.0,4.0,0.7558838687510727,5906.571428571428,5952.714285714285,-31756.0,0.9753086419753086,0,71.81217870933159,8,3,Q3,2024,-0.0188,4.2652,-1.1,1.0063
2024-08-20,136.0,274.0,245.0,5995,112.0,6269.0,133.0,2.2165387894288235,5921.0,5955.0,-31623.0,0.45714285714285713,0,72.6689014005386,8,3,Q3,2024,0.0523,3.9414,3.1333,0.9825
2024-08-21,134.0,245.0,167.0,6028,156.0,6273.0,11.0,0.5504587155963359,5938.857142857143,5955.857142857143,-31612.0,0.9341317365269461,0,73.50966147155285,8,3,Q3,2024,0.0293,3.4923,1.7667,0.9901
2024-08-22,182.0,307.0,205.0,6054,171.0,6361.0,34.0,0.431320504313204,5949.285714285715,5963.785714285715,-31578.0,0.8341463414634146,0,77.87285354135483,8,3,Q3,2024,0.0347,2.9323,2.1,0.9882
2024-08-27,149.0,285.0,222.0,6152,97.0,6437.0,125.0,1.6187644532540402,5972.857142857143,5978.214285714285,-31453.0,0.4369369369369369,0,92.46802239059272,8,3,Q3,2024,0.1409,2.2421,8.6667,0.9523
2024-08-28,170.0,285.0,178.0,6227,134.0,6512.0,44.0,1.2191157347204218,6020.285714285715,5994.571428571428,-31409.0,0.7528089887640449,0,113.98766079352103,8,3,Q3,2024,0.2018,2.1483,12.5667,0.931
2024-08-29,145.0,295.0,188.0,6250,169.0,6545.0,19.0,0.3693592420106029,6081.571428571428,6009.714285714285,-31390.0,0.898936170212766,0,132.74001690486585,8,3,Q3,2024,0.2181,2.1087,13.6333,0.9256
2024-09-02,133.0,270.0,198.0,6192,129.0,6462.0,69.0,-0.9279999999999956,6128.285714285715,6017.428571428572,-31321.0,0.6515151515151515,0,140.31158419507858,9,3,Q3,2024,0.2842,2.0619,17.6,0.9052
2024-09-03,131.0,263.0,177.0,6272,112.0,6535.0,65.0,1.2919896640826822,6167.857142857143,6044.428571428572,-31256.0,0.632768361581921,0,150.71660328406557,9,3,Q3,2024,0.3205,2.1127,20.1,0.8917
2024-09-04,121.0,231.0,219.0,6375,114.0,6606.0,105.0,1.642219387755106,6217.428571428572,6078.142857142857,-31151.0,0.5205479452054794,0,168.40055597514842,9,3,Q3,2024,0.4,2.3971,25.5,0.863
2024-09-05,126.0,230.0,175.0,6448,121.0,6678.0,54.0,1.1450980392156973,6273.714285714285,6111.5,-31097.0,0.6914285714285714,0,192.2425351156296,9,3,Q3,2024,0.4642,2.7386,29.9333,0.8398
2024-09-08,123.0,255.0,164.0,6312,221.0,6567.0,-57.0,-2.109181141439209,6296.571428571428,6134.714285714285,-31154.0,1.3475609756097562,0,195.6446655670093,9,3,Q3,2024,0.4674,2.8631,29.5,0.8431
2024-09-09,144.0,275.0,190.0,6353,141.0,6628.0,49.0,0.6495564005069676,6314.571428571428,6167.428571428572,-31105.0,0.7421052631578947,0,190.70747405209994,9,3,Q3,2024,0.4958,2.9923,31.5,0.8332
2024-09-10,131.0,251.0,180.0,6396,148.0,6647.0,32.0,0.6768455847631083,6335.428571428572,6208.5,-31073.0,0.8222222222222222,0,171.28866772877714,9,3,Q3,2024,0.5019,3.1468,32.1,0.8292
2024-09-11,93.0,248.0,175.0,6410,162.0,6658.0,13.0,0.2188868042526603,6366.571428571428,6247.428571428572,-31060.0,0.9257142857142857,0,147.49483134915945,9,3,Q3,2024,0.5117,3.1404,32.8,0.8247
2024-09-12,184.0,280.0,210.0,6360,220.0,6640.0,-10.0,-0.7800312012480548,6379.142857142857,6273.5,-31070.0,1.0476190476190477,0,130.75152595076372,9,3,Q3,2024,0.4811,3.1238,30.6,0.8362
2024-09-13,81.0,200.0,212.0,6326,279.0,6526.0,-67.0,-0.5345911949685589,6372.142857142857,6294.785714285715,-31137.0,1.3160377358490567,0,110.38058536882892,9,3,Q3,2024,0.3873,3.1385,24.5,0.869
2024-09-15,98.0,220.0,167.0,6234,210.0,6454.0,-43.0,-1.4543155232374372,6341.571428571428,6307.642857142857,-31180.0,1.2574850299401197,0,88.48868432030714,9,3,Q3,2024,0.3652,3.1161,22.7667,0.8783
2024-09-16,113.0,209.0,160.0,6229,164.0,6438.0,-4.0,-0.0802053256336199,6329.714285714285,6313.142857142857,-31184.0,1.025,0,80.06233834937471,9,3,Q3,2024,0.3403,3.1085,21.2,0.8856
2024-09-17,159.0,304.0,139.0,6227,160.0,6531.0,-21.0,-0.032107882485155,6311.714285714285,6313.142857142857,-31205.0,1.1510791366906474,0,80.06233834937471,9,3,Q3,2024,0.3437,3.0598,21.4,0.8845
2024-09-18,116.0,213.0,217.0,6245,149.0,6458.0,68.0,0.2890637546169916,6290.142857142857,6312.785714285715,-31137.0,0.6866359447004609,0,80.37621019198966,9,3,Q3,2024,0.3854,3.0112,24.0667,0.8719
2024-09-19,93.0,196.0,169.0,6270,188.0,6466.0,-19.0,0.4003202562049557,6270.142857142857,6318.357142857143,-31156.0,1.1124260355029585,0,73.79348224585804,9,3,Q3,2024,0.3434,2.9885,21.5333,0.8847
2024-09-22,124.0,234.0,161.0,5989,197.0,6223.0,-36.0,-4.481658692185009,6217.142857142857,6298.142857142857,-31192.0,1.2236024844720497,0,114.82351484095625,9,3,Q3,2024,0.3211,3.011,19.2333,0.8962
2024-09-23,92.0,203.0,173.0,6002,165.0,6205.0,8.0,0.2170646184671998,6170.857142857143,6271.5,-31184.0,0.953757225433526,0,136.79110969759475,9,3,Q3,2024,0.3032,3.0406,18.2,0.9011
2024-09-24,186.0,259.0,172.0,6023,143.0,6282.0,29.0,0.3498833722092698,6140.714285714285,6241.142857142857,-31155.0,0.8313953488372093,0,141.6799519734548,9,3,Q3,2024,0.3785,2.9603,22.8,0.8768
2024-09-25,154.0,225.0,220.0,6050,169.0,6275.0,51.0,0.4482815872488777,6115.142857142857,6222.428571428572,-31104.0,0.7681818181818182,0,148.72882617789801,9,3,Q3,2024,0.4011,2.8726,24.2667,0.8704
2024-09-26,91.0,199.0,172.0,6090,185.0,6289.0,-13.0,0.6611570247933907,6095.571428571428,6203.642857142857,-31117.0,1.0755813953488371,0,147.57298436460982,9,3,Q3,2024,0.3552,2.8252,21.6333,0.8841
2024-09-29,81.0,213.0,153.0,5925,177.0,6138.0,-24.0,-2.7093596059113323,6049.857142857143,6170.0,-31141.0,1.1568627450980393,0,153.89956765068757,9,3,Q3,2024,0.3443,2.868,20.4,0.8899
2024-09-30,209.0,285.0,184.0,5967,138.0,6252.0,46.0,0.7088607594936791,6006.571428571428,6138.357142857143,-31095.0,0.75,0,146.10249676316698,9,3,Q3,2024,0.4033,2.8124,24.0667,0.8708
2024-10-01,184.0,314.0,217.0,6040,137.0,6354.0,80.0,1.2233953410424103,6013.857142857143,6115.5,-31015.0,0.631336405529954,0,133.2237851251367,10,4,Q4,2024,0.4111,2.6325,24.8333,0.8663
2024-10-02,107.0,215.0,230.0,6091,173.0,6306.0,57.0,0.8443708609271461,6026.571428571428,6098.714285714285,-30958.0,0.7521739130434782,0,118.67112186554414,10,4,Q4,2024,0.4367,2.4672,26.6,0.8585
2024-10-03,101.0,162.0,178.0,6118,193.0,6280.0,-15.0,0.4432769660154267,6040.142857142857,6090.428571428572,-30973.0,1.0842696629213484,0,112.38170826090884,10,4,Q4,2024,0.3541,2.4065,21.6667,0.8833
2024-10-07,99.0,190.0,176.0,5968,153.0,6158.0,23.0,-2.4517816279829963,6028.428571428572,6071.785714285715,-30950.0,0.8693181818181818,0,109.23029910125656,10,4,Q4,2024,0.3697,2.4495,22.0667,0.8814
2024-10-08,167.0,239.0,166.0,6013,123.0,6252.0,43.0,0.7540214477211871,6017.428571428572,6056.5,-30907.0,0.7409638554216867,0,100.46028683395743,10,4,Q4,2024,0.372,2.4729,22.3667,0.8789
2024-10-09,115.0,216.0,169.0,6047,137.0,6263.0,32.0,0.5654415433228088,6034.857142857143,6042.357142857143,-30875.0,0.8106508875739645,0,84.56095402162123,10,4,Q4,2024,0.3186,2.5062,19.2667,0.8947
2024-10-10,84.0,158.0,193.0,6075,159.0,6233.0,34.0,0.4630395237307683,6050.285714285715,6028.428571428572,-30841.0,0.8238341968911918,0,55.112073625771785,10,4,Q4,2024,0.3117,2.5236,18.9333,0.8968
2024-10-13,130.0,227.0,192.0,5889,210.0,6116.0,-18.0,-3.0617283950617247,6028.714285714285,6021.285714285715,-30859.0,1.09375,0,66.01681437491234,10,4,Q4,2024,0.3006,2.6562,17.7,0.9036
2024-10-14,88.0,214.0,160.0,5935,106.0,6149.0,54.0,0.7811173374087321,6006.428571428572,6016.5,-30805.0,0.6625,0,69.84020222010898,10,4,Q4,2024,0.2898,2.7437,17.2,0.9057
2024-10-15,113.0,208.0,159.0,6013,107.0,6221.0,52.0,1.314237573715249,5991.428571428572,6015.785714285715,-30753.0,0.6729559748427673,0,69.81974436567765,10,4,Q4,2024,0.2788,2.7554,16.7667,0.9077
2024-10-16,174.0,285.0,150.0,6036,129.0,6321.0,21.0,0.3825045734242582,6001.142857142857,6014.785714285715,-30732.0,0.86,0,69.39095326911334,10,4,Q4,2024,0.2314,2.6877,13.9667,0.9222
2024-10-17,104.0,230.0,206.0,6076,160.0,6306.0,46.0,0.662690523525522,6010.142857142857,6013.785714285715,-30686.0,0.7766990291262136,0,68.31620887897888,10,4,Q4,2024,0.2255,2.5197,13.7,0.9241
2024-10-20,147.0,276.0,214.0,5918,195.0,6194.0,19.0,-2.600394996708366,5991.714285714285,6013.285714285715,-30667.0,0.9112149532710281,0,69.03781413263069,10,4,Q4,2024,0.2743,2.5281,16.2333,0.9109
2024-10-21,108.0,220.0,213.0,5966,154.0,6186.0,59.0,0.811084825954711,5976.142857142857,6013.214285714285,-30608.0,0.7230046948356808,0,69.08988412136735,10,4,Q4,2024,0.2777,2.4536,16.5667,0.9094
2024-10-22,180.0,280.0,146.0,6043,109.0,6323.0,37.0,1.2906469996647685,5998.142857142857,6013.428571428572,-30571.0,0.7465753424657534,0,69.18394020587048,10,4,Q4,2024,0.2769,2.2812,16.7333,0.9079
2024-10-23,134.0,294.0,186.0,6077,138.0,6371.0,48.0,0.5626344530862193,6018.428571428572,6012.428571428572,-30523.0,0.7419354838709677,0,68.0686466688779,10,4,Q4,2024,0.2946,2.0511,17.9,0.9017
2024-10-27,202.0,313.0,158.0,5974,192.0,6287.0,-34.0,-1.6949152542372836,6012.857142857143,6002.142857142857,-30557.0,1.2151898734177216,0,61.446483460505966,10,4,Q4,2024,0.2862,1.8735,17.1,0.9052
2024-10-28,110.0,272.0,193.0,6008,156.0,6280.0,37.0,0.5691329092735176,6008.857142857143,6005.0,-30520.0,0.8082901554404145,0,60.66173549972053,10,4,Q4,2024,0.3423,1.6914,20.5667,0.8856
2024-10-29,166.0,277.0,229.0,6106,126.0,6383.0,103.0,1.6311584553928116,6013.142857142857,6011.642857142857,-30417.0,0.5502183406113537,0,66.42359073842137,10,4,Q4,2024,0.4165,1.6041,25.4333,0.8601
2024-10-30,136.0,276.0,178.0,6149,160.0,6425.0,18.0,0.7042253521126751,6046.142857142857,6018.928571428572,-30399.0,0.898876404494382,0,75.56501458058021,10,4,Q4,2024,0.4255,1.5358,26.1667,0.8566
2024-10-31,87.0,246.0,173.0,6148,177.0,6394.0,-4.0,-0.0162628069604764,6072.142857142857,6024.142857142857,-30403.0,1.023121387283237,0,81.97828712794275,10,4,Q4,2024,0.4348,1.4647,26.7333,0.8544
2024-11-03,84.0,171.0,157.0,5990,184.0,6161.0,-27.0,-2.569941444372148,6064.571428571428,6031.357142857143,-30430.0,1.1719745222929936,0,73.13802246206951,11,4,Q4,2024,0.3934,1.3283,23.5667,0.8702
2024-11-04,167.0,209.0,157.0,6007,132.0,6216.0,25.0,0.2838063439065008,6054.571428571428,6036.5,-30405.0,0.8407643312101911,0,68.20641747377762,11,4,Q4,2024,0.4167,1.1052,25.0333,0.8618
2024-11-05,109.0,245.0,159.0,6045,126.0,6290.0,33.0,0.6325953054769462,6064.714285714285,6038.785714285715,-30372.0,0.7924528301886793,0,67.89378420781819,11,4,Q4,2024,0.4522,1.1008,27.3333,0.8491
2024-11-06,156.0,256.0,176.0,6086,137.0,6342.0,39.0,0.6782464846980973,6075.857142857143,6042.357142857143,-30333.0,0.7784090909090909,0,69.04135565876894,11,4,Q4,2024,0.4661,1.1121,28.3667,0.8435
2024-11-07,125.0,232.0,192.0,6084,177.0,6316.0,15.0,-0.032862306933945,6072.714285714285,6042.928571428572,-30318.0,0.921875,0,69.37353107042084,11,4,Q4,2024,0.4586,1.1238,27.9,0.8466
2024-11-11,118.0,139.0,168.0,5963,145.0,6102.0,23.0,-1.9888231426692935,6046.142857142857,6046.142857142857,-30295.0,0.8630952380952381,0,63.97217801850563,11,4,Q4,2024,0.4522,1.1412,26.9667,0.8503
2024-11-12,142.0,235.0,139.0,5975,138.0,6210.0,1.0,0.2012409860808306,6021.428571428572,6046.785714285715,-30294.0,0.9928057553956835,0,63.14474041240531,11,4,Q4,2024,0.4591,1.136,27.4333,0.8468
2024-11-13,148.0,245.0,175.0,5966,151.0,6211.0,24.0,-0.1506276150627594,6018.0,6041.285714285715,-30270.0,0.8628571428571429,0,66.75031382395309,11,4,Q4,2024,0.4866,1.1081,29.0333,0.8385
2024-11-14,119.0,219.0,210.0,6025,172.0,6244.0,38.0,0.988937311431437,6020.571428571428,6037.571428571428,-30232.0,0.819047619047619,0,66.05325856477336,11,4,Q4,2024,0.4775,1.0924,28.7667,0.8407
2024-11-17,105.0,210.0,149.0,5816,195.0,6026.0,-46.0,-3.468879668049796,5987.857142857143,6026.285714285715,-30278.0,1.308724832214765,0,87.7009153284183,11,4,Q4,2024,0.4224,1.267,24.5667,0.8623
2024-11-18,143.0,203.0,163.0,5819,138.0,6022.0,25.0,0.0515818431912062,5949.714285714285,6012.785714285715,-30253.0,0.8466257668711656,0,103.8009771492288,11,4,Q4,2024,0.4038,1.3876,23.5,0.8666
2024-11-19,119.0,209.0,152.0,5844,146.0,6053.0,6.0,0.429627083691364,5915.428571428572,5994.071428571428,-30247.0,0.9605263157894737,0,109.18119328448849,11,4,Q4,2024,0.4141,1.4372,24.2,0.8619
2024-11-20,155.0,212.0,181.0,5879,148.0,6091.0,33.0,0.5989048596851454,5903.428571428572,5974.785714285715,-30214.0,0.8176795580110497,0,103.40300439867872,11,4,Q4,2024,0.4173,1.4829,24.5333,0.8602
2024-11-21,109.0,214.0,173.0,5850,210.0,6064.0,-37.0,-0.493281170267057,5885.571428571428,5953.5,-30251.0,1.2138728323699421,0,95.36307138828543,11,4,Q4,2024,0.3738,1.5511,21.8667,0.8755
2024-11-24,191.0,283.0,192.0,5664,207.0,5947.0,-15.0,-3.1794871794871837,5842.428571428572,5930.214285714285,-30266.0,1.078125,0,121.87962445435531,11,4,Q4,2024,0.3584,1.8409,20.3,0.8849
2024-11-25,170.0,297.0,196.0,5715,129.0,6012.0,67.0,0.9004237288135597,5798.142857142857,5909.357142857143,-30199.0,0.6581632653061225,0,132.27047297855185,11,4,Q4,2024,0.3745,1.9898,21.4,0.8788
2024-11-26,152.0,272.0,214.0,5826,112.0,6098.0,102.0,1.942257217847776,5799.571428571428,5893.714285714285,-30097.0,0.5233644859813084,0,127.87158737238947,11,4,Q4,2024,0.436,2.024,25.4,0.8567
2024-11-27,239.0,367.0,224.0,5862,211.0,6229.0,13.0,0.6179196704428458,5805.714285714285,5877.714285714285,-30084.0,0.9419642857142857,0,115.36325809664477,11,4,Q4,2024,0.41,2.0481,24.0333,0.866
2024-11-28,113.0,280.0,237.0,5963,143.0,6243.0,94.0,1.7229614466052643,5822.714285714285,5869.071428571428,-29990.0,0.6033755274261603,0,102.53964658058301,11,4,Q4,2024,0.4265,2.0429,25.4333,0.8603
2024-12-01,196.0,306.0,187.0,5986,149.0,6292.0,38.0,0.3857118899882605,5838.0,5870.714285714285,-29952.0,0.7967914438502673,0,104.32893880663804,12,4,Q4,2024,0.4343,2.0318,26.0,0.8581
2024-12-02,236.0,330.0,222.0,6061,115.0,6391.0,107.0,1.2529234881389906,5868.142857142857,5876.857142857143,-29845.0,0.5180180180180181,0,113.1043474256633,12,4,Q4,2024,0.4625,2.0242,28.0333,0.8475
2024-12-03,81.0,230.0,242.0,6192,107.0,6422.0,135.0,2.161359511631744,5943.571428571428,5893.0,-29710.0,0.44214876033057854,0,139.78665062265222,12,4,Q4,2024,0.5152,2.1358,31.9,0.8273
2024-12-04,118.0,245.0,160.0,6269,115.0,6514.0,45.0,1.2435400516795925,6022.714285714285,5910.428571428572,-29665.0,0.71875,0,169.55222217342885,12,4,Q4,2024,0.5014,2.3197,31.4333,0.8282
2024-12-05,218.0,283.0,208.0,6310,150.0,6593.0,58.0,0.6540118041154841,6091.857142857143,5945.714285714285,-29607.0,0.7211538461538461,0,197.49057565493908,12,4,Q4,2024,0.5092,2.5204,32.1333,0.8263
2024-12-08,132.0,243.0,183.0,6286,172.0,6529.0,11.0,-0.38034865293185,6152.428571428572,5979.071428571428,-29596.0,0.9398907103825137,0,213.25191469450135,12,4,Q4,2024,0.4916,2.664,30.9,0.8329
2024-12-09,224.0,315.0,152.0,6268,174.0,6583.0,-22.0,-0.2863506204263455,6196.0,6009.357142857143,-29618.0,1.144736842105263,0,222.50103098907334,12,4,Q4,2024,0.4994,2.7841,31.3,0.8305
2024-12-10,167.0,326.0,213.0,6310,149.0,6636.0,64.0,0.6700701978302526,6242.285714285715,6040.142857142857,-29554.0,0.6995305164319249,0,232.662137722626,12,4,Q4,2024,0.5103,2.9293,32.2,0.8263
2024-12-11,209.0,353.0,232.0,6402,152.0,6755.0,80.0,1.4580031695720974,6291.0,6079.571428571428,-29474.0,0.6551724137931034,0,244.43552375773297,12,4,Q4,2024,0.491,3.141,31.4333,0.8305
2024-12-12,153.0,253.0,286.0,6481,194.0,6734.0,92.0,1.2339893783192668,6332.285714285715,6137.928571428572,-29382.0,0.6783216783216783,0,234.9305836217823,12,4,Q4,2024,0.5231,3.4081,33.9,0.8207
2024-12-15,180.0,337.0,219.0,6408,224.0,6745.0,-5.0,-1.126369387440207,6352.142857142857,6187.428571428572,-29387.0,1.0228310502283104,0,210.7253824606308,12,4,Q4,2024,0.5285,3.5702,33.8667,0.8223
2024-12-16,133.0,287.0,189.0,6454,149.0,6741.0,40.0,0.7178526841448152,6372.714285714285,6232.285714285715,-29347.0,0.7883597883597884,0,194.0513130280353,12,4,Q4,2024,0.5593,3.7624,36.1,0.8117
2024-12-17,187.0,310.0,247.0,6506,151.0,6816.0,96.0,0.8057018903005808,6404.142857142857,6278.285714285715,-29251.0,0.611336032388664,0,174.90895590888263,12,4,Q4,2024,0.5912,3.9783,38.4667,0.8024
2024-12-18,168.0,285.0,210.0,6598,134.0,6883.0,76.0,1.4140793114048478,6451.285714285715,6323.642857142857,-29175.0,0.638095238095238,0,169.09742623834427,12,4,Q4,2024,0.6047,4.2596,39.9,0.7968
2024-12-19,269.0,412.0,204.0,6600,238.0,7012.0,-34.0,0.0303122158229696,6492.714285714285,6367.5,-29209.0,1.1666666666666667,0,153.71389507280855,12,4,Q4,2024,0.5677,4.5065,37.4667,0.8101
2024-12-22,100.0,255.0,236.0,6595,268.0,6850.0,-32.0,-0.0757575757575734,6520.285714285715,6405.642857142857,-29241.0,1.1355932203389831,0,137.1717660693571,12,4,Q4,2024,0.5444,4.7162,35.9,0.8194
2024-12-23,205.0,294.0,177.0,6548,231.0,6842.0,-54.0,-0.7126611068991706,6529.857142857143,6431.071428571428,-29295.0,1.305084745762712,0,127.15191658053376,12,4,Q4,2024,0.5091,4.8311,33.3333,0.8326
2024-12-24,161.0,304.0,211.0,6622,155.0,6926.0,56.0,1.1301160659743514,6560.428571428572,6456.285714285715,-29239.0,0.7345971563981043,0,127.5402974456337,12,4,Q4,2024,0.5311,4.9798,35.1667,0.8254
2024-12-25,57.0,162.0,193.0,6689,107.0,6851.0,86.0,1.011778918755657,6594.0,6483.357142857143,-29153.0,0.5544041450777202,0,134.1529592797336,12,4,Q4,2024,0.5566,5.1464,37.2333,0.8157
2024-12-26,80.0,122.0,152.0,6707,135.0,6829.0,17.0,0.269098519958133,6622.714285714285,6513.428571428572,-29136.0,0.8881578947368421,0,133.69524143518018,12,4,Q4,2024,0.5447,5.3136,36.5333,0.8175
2024-12-29,107.0,170.0,133.0,6465,216.0,6635.0,-83.0,-3.608170568063218,6603.714285714285,6527.5,-29219.0,1.6240601503759398,0,114.92656518233284,12,4,Q4,2024,0.546,5.1988,35.3,0.8231
2024-12-30,99.0,156.0,139.0,6454,177.0,6610.0,-38.0,-0.1701469450889448,6582.857142857143,6537.785714285715,-29257.0,1.2733812949640289,0,99.35188323977748,12,4,Q4,2024,0.5144,5.0575,33.2,0.833
2025-01-01,25.0,66.0,94.0,6405,144.0,6471.0,-50.0,-0.7592190889370909,6555.714285714285,6538.0,-29307.0,1.5319148936170213,0,99.03923076621159,1,1,Q1,2025,0.4892,4.899,31.3333,0.8408
2025-01-02,35.0,70.0,53.0,6292,170.0,6362.0,-117.0,-1.764246682279469,6519.142857142857,6524.5,-29424.0,3.207547169811321,0,118.39617327493085,1,1,Q1,2025,0.4185,4.7385,26.3333,0.8633
2025-01-05,43.0,73.0,64.0,5882,185.0,5955.0,-121.0,-6.5162110616656115,6413.428571428572,6486.928571428572,-29545.0,2.890625,0,207.86477271595857,1,1,Q1,2025,0.4001,4.7125,23.5333,0.8755
2025-01-06,41.0,60.0,71.0,5769,190.0,5829.0,-119.0,-1.921115266916018,6282.0,6438.0,-29664.0,2.676056338028169,0,283.18545160370275,1,1,Q1,2025,0.3478,4.5962,20.0667,0.8915
2025-01-07,65.0,83.0,65.0,5703,133.0,5786.0,-68.0,-1.14404576183047,6138.571428571428,6380.642857142857,-29732.0,2.046153846153846,0,343.2945824356438,1,1,Q1,2025,0.273,4.6098,15.5667,0.9138
2025-01-08,38.0,80.0,82.0,5605,184.0,5685.0,-102.0,-1.7183938278099276,6015.714285714285,6309.714285714285,-29834.0,2.2439024390243905,0,393.7991343842067,1,1,Q1,2025,0.1564,4.8504,8.7667,0.9502
2025-01-09,56.0,82.0,68.0,5507,164.0,5589.0,-96.0,-1.7484388938447837,5880.428571428572,6231.642857142857,-29930.0,2.411764705882353,0,437.71814027940627,1,1,Q1,2025,0.0932,5.2286,5.1333,0.97
2025-01-12,74.0,103.0,80.0,5092,235.0,5195.0,-155.0,-7.535863446522606,5692.857142857143,6124.285714285715,-30085.0,2.9375,0,518.5900157114434,1,1,Q1,2025,-0.0622,6.2381,-3.1667,1.0191
2025-01-13,68.0,107.0,102.0,5019,181.0,5126.0,-79.0,-1.4336213668499576,5511.0,6015.071428571428,-30164.0,1.7745098039215685,0,579.8737878970729,1,1,Q1,2025,-0.1408,7.2055,-7.0667,1.0434
2025-01-14,92.0,124.0,93.0,4957,139.0,5081.0,-46.0,-1.2353058378163029,5378.857142857143,5896.142857142857,-30210.0,1.4946236559139785,0,615.4694089933162,1,1,Q1,2025,-0.2454,8.1413,-12.1667,1.0767
2025-01-15,113.0,162.0,107.0,4903,164.0,5065.0,-57.0,-1.0893685696994115,5255.142857142857,5768.571428571428,-30267.0,1.5327102803738317,0,623.5322105412077,1,1,Q1,2025,-0.3787,9.035,-18.5667,1.1205
2025-01-16,106.0,196.0,131.0,4881,159.0,5077.0,-28.0,-0.4487048745665967,5137.714285714285,5638.142857142857,-30295.0,1.213740458015267,0,602.7675731596166,1,1,Q1,2025,-0.4302,9.8375,-21.0,1.1371
2025-01-19,86.0,152.0,168.0,4628,176.0,4780.0,-8.0,-5.183364064740836,4998.142857142857,5506.928571428572,-30303.0,1.0476190476190477,0,608.840570805959,1,1,Q1,2025,-0.5013,10.8394,-23.2,1.1528
2025-01-20,84.0,118.0,136.0,4638,127.0,4756.0,9.0,0.2160760587726962,4874.0,5377.214285714285,-30294.0,0.9338235294117647,0,584.5090219177812,1,1,Q1,2025,-0.5017,11.7041,-23.2667,1.1549
2025-01-21,59.0,64.0,117.0,4728,54.0,4792.0,63.0,1.9404915912031084,4822.0,5257.428571428572,-30231.0,0.46153846153846156,0,526.6523761217726,1,1,Q1,2025,-0.4322,12.3753,-20.4333,1.1371
2025-01-22,62.0,97.0,52.0,4717,83.0,4814.0,-31.0,-0.2326565143824011,4778.857142857143,5144.928571428572,-30262.0,1.5961538461538463,0,451.51479476324243,1,1,Q1,2025,-0.5003,12.9724,-23.6,1.1642
2025-01-23,91.0,75.0,97.0,4621,174.0,4696.0,-77.0,-2.0351918592325657,4730.857142857143,5054.857142857143,-30339.0,1.7938144329896908,0,417.6766981479895,1,1,Q1,2025,-0.624,13.5597,-28.8333,1.2071
2025-01-26,29.0,51.0,11.0,4241,182.0,4292.0,-171.0,-8.223328283921227,4636.285714285715,4945.714285714285,-30510.0,16.545454545454547,0,416.34793670148815,1,1,Q1,2025,-0.8866,14.4307,-37.6,1.2892
2025-01-27,33.0,53.0,34.0,4161,127.0,4214.0,-93.0,-1.8863475595378487,4533.428571428572,4835.571428571428,-30603.0,3.735294117647059,0,404.3938891506635,1,1,Q1,2025,-0.9741,15.2977,-40.5333,1.3272
2025-01-28,32.0,49.0,39.0,4096,101.0,4145.0,-62.0,-1.5621244893054609,4457.428571428572,4727.785714285715,-30665.0,2.58974358974359,0,384.13182404187677,1,1,Q1,2025,-1.0726,16.0929,-43.9333,1.3696
2025-01-29,32.0,50.0,39.0,4036,99.0,4086.0,-60.0,-1.46484375,4371.428571428572,4622.714285714285,-30725.0,2.5384615384615383,0,354.6479139331341,1,1,Q1,2025,-1.2174,16.8008,-49.1333,1.439
2025-01-30,47.0,42.0,47.0,3923,159.0,3965.0,-112.0,-2.7998017839445,4256.428571428572,4539.214285714285,-30837.0,3.382978723404255,0,372.81015555895556,1,1,Q1,2025,-1.4122,17.4422,-55.4,1.5202
2025-02-02,20.0,22.0,41.0,3483,168.0,3505.0,-127.0,-11.2159061942391,4080.142857142858,4429.5,-30964.0,4.097560975609756,0,440.6035633083103,2,1,Q1,2025,-1.6796,18.4615,-58.5,1.5788
2025-02-03,23.0,45.0,11.0,3403,102.0,3448.0,-91.0,-2.296870513924776,3906.142857142858,4318.5,-31055.0,9.272727272727273,0,490.4206593088253,2,1,Q1,2025,-1.7769,19.3913,-60.4667,1.6462
2025-02-04,34.0,54.0,29.0,3359,74.0,3413.0,-45.0,-1.2929767851895368,3780.142857142858,4208.214285714285,-31100.0,2.5517241379310347,0,521.490493839355,2,1,Q1,2025,-1.7912,20.2165,-60.1667,1.6788
2025-02-05,26.0,36.0,36.0,3290,104.0,3326.0,-68.0,-2.054182792497772,3655.714285714286,4094.571428571429,-31168.0,2.888888888888889,0,536.7316639819733,2,1,Q1,2025,-1.9544,20.8623,-64.3,1.7766
2025-02-06,25.0,32.0,27.0,3181,145.0,3213.0,-118.0,-3.313069908814592,3525.0,3991.214285714286,-31286.0,5.37037037037037,0,564.7028052362912,2,1,Q1,2025,-2.2351,21.3512,-71.1,1.9202
2025-02-09,15.0,13.0,23.0,2878,99.0,2891.0,-76.0,-9.52530650738761,3359.5714285714284,3865.5,-31362.0,4.304347826086956,0,604.1661450041773,2,1,Q1,2025,-2.5782,21.9663,-74.2,2.0169
2025-02-10,16.0,18.0,15.0,2834,63.0,2852.0,-48.0,-1.5288394718554588,3204.0,3730.214285714286,-31410.0,4.2,0,608.2175949913981,2,1,Q1,2025,-2.577,22.6293,-73.0333,2.0579
2025-02-11,11.0,22.0,12.0,2799,50.0,2821.0,-38.0,-1.235003528581513,3106.285714285714,3593.214285714286,-31448.0,4.166666666666667,0,584.3945161869912,2,1,Q1,2025,-2.6093,23.0684,-73.0333,2.1271
2025-02-12,16.0,20.0,20.0,2752,66.0,2772.0,-46.0,-1.6791711325473413,3013.285714285714,3459.714285714286,-31494.0,3.3,0,543.5996021636734,2,1,Q1,2025,-2.649,23.3234,-72.9,2.1695
2025-02-13,15.0,10.0,23.0,2703,72.0,2713.0,-49.0,-1.7805232558139483,2919.5714285714284,3349.8571428571427,-31543.0,3.130434782608696,0,528.768941416352,2,1,Q1,2025,-2.6131,23.4665,-70.6333,2.1516
2025-02-17,8.0,17.0,14.0,2532,15.0,2549.0,-1.0,-6.326304106548275,2811.285714285714,3233.5,-31544.0,1.0714285714285714,0,515.6137119976307,2,1,Q1,2025,-2.6316,24.0893,-66.6333,2.1168
2025-02-18,18.0,19.0,11.0,2536,9.0,2555.0,2.0,0.1579778830963718,2719.1428571428573,3122.0714285714284,-31542.0,0.8181818181818182,0,482.37544654402416,2,1,Q1,2025,-2.4685,24.57,-62.6,2.0855
2025-02-19,12.0,17.0,17.0,2528,19.0,2545.0,-2.0,-0.3154574132492094,2669.1428571428573,3014.3571428571427,-31544.0,1.1176470588235294,0,427.88758537057447,2,1,Q1,2025,-2.3892,24.869,-60.4,2.0773
2025-02-20,13.0,25.0,15.0,2520,32.0,2545.0,-17.0,-0.3164556962025333,2624.285714285714,2914.1428571428573,-31561.0,2.1333333333333333,0,357.1573359702097,2,1,Q1,2025,-2.2844,25.0217,-57.5667,2.0693
2025-02-23,7.0,16.0,8.0,2423,35.0,2439.0,-27.0,-3.849206349206346,2570.5714285714284,2838.4285714285716,-31588.0,4.375,0,339.19173481529185,2,1,Q1,2025,-2.2809,25.1556,-55.2667,2.0662
2025-02-24,20.0,22.0,14.0,2413,24.0,2435.0,-10.0,-0.4127115146512539,2522.1428571428573,2767.714285714286,-31598.0,1.7142857142857142,0,314.75324366172697,2,1,Q1,2025,-2.0901,25.587,-50.4333,2.0161
2025-02-25,11.0,7.0,7.0,2413,23.0,2420.0,-16.0,0.0,2480.714285714286,2700.1428571428573,-31614.0,3.2857142857142856,0,277.37585085464167,2,1,Q1,2025,-2.003,25.8847,-48.3333,2.0402
2025-02-26,12.0,21.0,1.0,2411,23.0,2432.0,-22.0,-0.082884376295067,2463.4285714285716,2637.3571428571427,-31636.0,23.0,0,228.82126284426423,2,1,Q1,2025,-1.9715,26.0351,-47.5333,2.0952
2025-02-27,10.0,15.0,17.0,2391,37.0,2406.0,-20.0,-0.8295313148071304,2442.714285714286,2580.9285714285716,-31656.0,2.176470588235294,0,175.68217119189566,2,1,Q1,2025,-1.9364,26.0447,-46.3,2.146
2025-03-02,12.0,24.0,4.0,2297,31.0,2321.0,-27.0,-3.931409452112089,2409.714285714286,2539.4285714285716,-31683.0,7.75,0,168.5885817310382,3,1,Q1,2025,-2.0142,25.9532,-46.2667,2.2793
2025-03-03,8.0,29.0,18.0,2287,25.0,2316.0,-7.0,-0.4353504571179778,2376.4285714285716,2500.3571428571427,-31690.0,1.3888888888888888,0,158.12925927017912,3,1,Q1,2025,-2.0216,25.9937,-46.2333,2.4834
2025-03-04,4.0,25.0,10.0,2272,30.0,2297.0,-20.0,-0.655881066899866,2354.8571428571427,2462.714285714286,-31710.0,3.0,0,143.63009571666078,3,1,Q1,2025,-2.0775,25.7799,-47.2,2.7503
2025-03-05,5.0,20.0,4.0,2238,40.0,2258.0,-36.0,-1.4964788732394374,2329.8571428571427,2426.0,-31746.0,10.0,0,128.93767128692718,3,1,Q1,2025,-2.2565,25.1144,-50.5,3.1767
2025-03-06,7.0,27.0,6.0,2218,33.0,2245.0,-27.0,-0.893655049151032,2302.0,2391.3571428571427,-31773.0,5.5,0,112.95241145154773,3,1,Q1,2025,-2.2708,24.0555,-50.3667,3.3246
2025-03-09,12.0,25.0,15.0,2137,30.0,2162.0,-15.0,-3.6519386834986456,2262.8571428571427,2363.1428571428573,-31788.0,2.0,0,123.91986066851538,3,1,Q1,2025,-2.2602,22.8246,-48.3,3.5511
2025-03-10,6.0,28.0,8.0,2125,23.0,2153.0,-15.0,-0.5615348619560145,2224.8571428571427,2333.785714285714,-31803.0,2.875,0,128.42128901587847,3,1,Q1,2025,-2.0282,22.0792,-43.1,3.2885
2025-03-11,3.0,11.0,7.0,2116,20.0,2127.0,-13.0,-0.4235294117647004,2199.0,2304.3571428571427,-31816.0,2.857142857142857,0,127.6965195252922,3,1,Q1,2025,-1.9108,21.1321,-40.4333,3.2546
2025-03-12,6.0,18.0,2.0,2113,8.0,2131.0,-6.0,-0.1417769376181432,2174.1428571428573,2275.285714285714,-31822.0,4.0,0,120.97897374289575,3,1,Q1,2025,-1.8252,19.8996,-38.5667,3.3094
2025-03-13,4.0,20.0,9.0,2116,6.0,2136.0,3.0,0.1419782300047245,2151.8571428571427,2253.3571428571427,-31819.0,0.6666666666666666,0,119.96384528597062,3,1,Q1,2025,-1.7234,18.2904,-36.4667,3.3227
2025-03-16,1.0,9.0,8.0,2117,5.0,2126.0,3.0,0.0472589792060551,2134.5714285714284,2232.214285714286,-31816.0,0.625,0,115.67073865153561,3,1,Q1,2025,-1.5415,16.415,-32.6333,3.2662
2025-03-17,5.0,14.0,0.0,2111,8.0,2125.0,-8.0,-0.2834199338686782,2119.285714285714,2210.6428571428573,-31824.0,,0,107.2133797209137,3,1,Q1,2025,-1.358,15.5225,-28.6667,3.1995
2025-03-18,19.0,34.0,6.0,2109,8.0,2143.0,-2.0,-0.0947418285172863,2115.285714285714,2189.0714285714284,-31826.0,1.3333333333333333,0,93.27582280983174,3,1,Q1,2025,-1.2186,14.5411,-25.7,2.9974
2025-03-19,6.0,22.0,14.0,2119,9.0,2141.0,5.0,0.4741583688952167,2114.4285714285716,2169.6428571428573,-31821.0,0.6428571428571429,0,74.39769138547557,3,1,Q1,2025,-1.1342,13.3193,-24.0333,2.9434
2025-03-20,9.0,20.0,11.0,2124,7.0,2144.0,4.0,0.2359603586597369,2115.5714285714284,2157.285714285714,-31817.0,0.6363636363636364,0,65.44572451363662,3,1,Q1,2025,-1.0185,11.9156,-21.6333,2.8757
2025-03-23,15.0,29.0,9.0,2136,2.0,2165.0,7.0,0.5649717514124353,2118.8571428571427,2146.5,-31810.0,0.2222222222222222,0,53.837004716969695,3,1,Q1,2025,-0.8177,10.472,-17.4667,2.5976
2025-03-24,7.0,13.0,11.0,2139,7.0,2152.0,4.0,0.1404494382022392,2122.1428571428573,2137.0,-31806.0,0.6363636363636364,0,39.92492955500262,3,1,Q1,2025,-0.6919,9.8412,-14.8,2.4051
2025-03-25,12.0,19.0,7.0,2145,6.0,2164.0,1.0,0.2805049088359101,2126.1428571428573,2130.3571428571427,-31805.0,0.8571428571428571,0,27.689506878611965,3,1,Q1,2025,-0.6138,9.1628,-13.1667,2.2825
2025-03-26,9.0,21.0,15.0,2159,2.0,2180.0,13.0,0.6526806526806483,2133.0,2126.1428571428573,-31792.0,0.13333333333333333,0,14.826468756790133,3,1,Q1,2025,-0.5311,8.3975,-11.4667,2.1061
2025-03-27,1.0,19.0,13.0,2159,2.0,2178.0,11.0,0.0,2140.1428571428573,2127.714285714286,-31781.0,0.15384615384615385,0,17.06290881165224,3,1,Q1,2025,-0.4431,7.605,-9.5667,1.9441
2025-03-30,9.0,20.0,5.0,2188,2.0,2208.0,3.0,1.3432144511347888,2150.0,2132.214285714286,-31778.0,0.4,0,23.416557492660633,3,1,Q1,2025,-0.358,6.7718,-7.8333,1.8217
2025-03-31,9.0,25.0,8.0,2193,5.0,2218.0,3.0,0.2285191956124421,2159.8571428571427,2137.714285714286,-31775.0,0.625,0,27.92415158478718,3,1,Q1,2025,-0.3511,6.4005,-7.7,1.825
2025-04-01,17.0,36.0,7.0,2191,12.0,2227.0,-5.0,-0.0911992704058395,2167.714285714286,2143.285714285714,-31780.0,1.7142857142857142,0,30.294524946435217,4,2,Q2,2025,-0.3621,5.9407,-7.9333,1.8623
2025-04-02,5.0,31.0,16.0,2208,3.0,2239.0,13.0,0.7759014148790433,2177.5714285714284,2149.8571428571427,-31767.0,0.1875,0,33.70655526902485,4,2,Q2,2025,-0.3367,5.4059,-7.4333,1.8109
2025-04-03,12.0,26.0,18.0,2223,8.0,2249.0,10.0,0.6793478260869623,2188.714285714286,2157.4285714285716,-31757.0,0.4444444444444444,0,37.455027978244715,4,2,Q2,2025,-0.2939,4.786,-6.5333,1.705
2025-04-06,7.0,14.0,7.0,2234,11.0,2248.0,-4.0,0.4948268106162778,2199.4285714285716,2166.214285714286,-31761.0,1.5714285714285714,0,40.06183407462193,4,2,Q2,2025,-0.2581,4.4456,-5.7667,1.6245
2025-04-07,12.0,22.0,9.0,2237,5.0,2259.0,4.0,0.1342882721575566,2210.5714285714284,2175.3571428571427,-31757.0,0.5555555555555556,0,40.60240072984538,4,2,Q2,2025,-0.2369,4.0913,-5.3,1.5846
2025-04-08,12.0,34.0,12.0,2243,9.0,2277.0,3.0,0.2682163611980259,2218.4285714285716,2184.214285714286,-31754.0,0.75,0,40.88666995723415,4,2,Q2,2025,-0.2081,3.6841,-4.6667,1.5054
2025-04-09,6.0,19.0,10.0,2251,5.0,2270.0,5.0,0.3566651805617438,2226.714285714286,2193.285714285714,-31749.0,0.5,0,40.586903100245586,4,2,Q2,2025,-0.1673,3.2196,-3.7667,1.3951
2025-04-10,18.0,25.0,17.0,2265,6.0,2290.0,11.0,0.6219458018658308,2237.285714285714,2202.5,-31738.0,0.35294117647058826,0,41.2193942399751,4,2,Q2,2025,-0.1207,2.7904,-2.7333,1.2867
2025-04-11,8.0,22.0,8.0,2267,9.0,2289.0,-1.0,0.0883002207505478,2245.714285714286,2211.6428571428573,-31739.0,1.125,0,40.23509211291406,4,2,Q2,2025,-0.0823,2.7125,-1.8667,1.1931
2025-04-13,5.0,26.0,10.0,2283,3.0,2309.0,7.0,0.705778561976178,2254.285714285714,2221.5,-31732.0,0.3,0,39.55084361605058,4,2,Q2,2025,-0.0613,2.7016,-1.4,1.1489
2025-04-14,5.0,26.0,9.0,2282,13.0,2308.0,-4.0,-0.0438020148926798,2261.1428571428573,2230.285714285714,-31736.0,1.4444444444444444,0,38.23898246805025,4,2,Q2,2025,-0.038,2.7267,-0.8667,1.0925
2025-04-15,4.0,19.0,12.0,2286,7.0,2305.0,5.0,0.1752848378615334,2268.1428571428573,2239.3571428571427,-31731.0,0.5833333333333334,0,34.94964981155201,4,2,Q2,2025,0.0219,2.8244,0.5,0.9481
2025-04-16,11.0,30.0,5.0,2291,8.0,2321.0,-3.0,0.2187226596675362,2275.0,2246.714285714286,-31734.0,1.6,0,34.13869577799749,4,2,Q2,2025,0.0567,2.9494,1.3,0.8646
2025-04-17,7.0,26.0,10.0,2288,14.0,2314.0,-4.0,-0.1309471846355325,2280.285714285714,2253.5,-31738.0,1.4,0,32.01622184940933,4,2,Q2,2025,0.0728,3.0313,1.6667,0.8233
2025-04-20,4.0,15.0,6.0,2305,4.0,2320.0,2.0,0.7430069930070005,2286.0,2261.6428571428573,-31736.0,0.6666666666666666,0,29.277471366948422,4,2,Q2,2025,0.0969,3.1128,2.2333,0.7616
2025-04-21,10.0,25.0,5.0,2308,6.0,2333.0,-1.0,0.130151843817794,2291.8571428571427,2268.785714285714,-31737.0,1.2,0,27.316319639612704,4,2,Q2,2025,0.1141,3.1569,2.6333,0.7168
2025-04-22,7.0,19.0,14.0,2305,17.0,2324.0,-3.0,-0.1299826689774685,2295.0,2274.6428571428573,-31740.0,1.2142857142857142,0,25.472782284917752,4,2,Q2,2025,0.1186,3.1598,2.7333,0.7182
2025-04-23,3.0,23.0,4.0,2300,11.0,2323.0,-7.0,-0.2169197396963085,2297.5714285714284,2279.3571428571427,-31747.0,2.75,0,23.39496047862371,4,2,Q2,2025,0.1043,3.1327,2.4,0.7483
2025-04-24,3.0,9.0,7.0,2294,13.0,2303.0,-6.0,-0.260869565217392,2298.714285714286,2283.4285714285716,-31753.0,1.8571428571428572,0,20.197921772505197,4,2,Q2,2025,0.0915,3.0725,2.1,0.7789
2025-04-27,9.0,40.0,12.0,2301,4.0,2341.0,8.0,0.3051438535309536,2300.1428571428573,2287.5714285714284,-31745.0,0.3333333333333333,0,16.95566293209171,4,2,Q2,2025,0.1144,2.9826,2.6333,0.734
2025-04-28,6.0,26.0,12.0,2307,8.0,2333.0,4.0,0.2607561929595769,2302.8571428571427,2291.5714285714284,-31741.0,0.6666666666666666,0,14.014905721759046,4,2,Q2,2025,0.1228,2.8657,2.8333,0.7195
2025-04-29,11.0,25.0,11.0,2304,15.0,2329.0,-4.0,-0.1300390117035088,2302.714285714286,2294.3571428571427,-31745.0,1.3636363636363635,0,12.06780295265409,4,2,Q2,2025,0.11,2.74,2.5333,0.7467
2025-04-30,7.0,34.0,9.0,2309,12.0,2343.0,-3.0,0.2170138888888839,2302.8571428571427,2297.3571428571427,-31748.0,1.3333333333333333,0,9.739745239731032,4,2,Q2,2025,0.0996,2.6041,2.3,0.7685
2025-05-01,13.0,32.0,14.0,2306,16.0,2338.0,-2.0,-0.1299263750541346,2303.0,2299.0,-31750.0,1.1428571428571428,0,9.046886415689322,5,2,Q2,2025,0.0867,2.4673,2.0,0.802
2025-05-04,9.0,31.0,10.0,2335,5.0,2366.0,5.0,1.2575888985255856,2308.0,2302.785714285714,-31745.0,0.5,0,11.994733275311592,5,2,Q2,2025,0.0871,2.3577,2.0333,0.798
2025-05-05,15.0,44.0,20.0,2331,17.0,2375.0,3.0,-0.1713062098501083,2313.285714285714,2306.0,-31742.0,0.85,0,13.126602465220882,5,2,Q2,2025,0.0901,2.22,2.1,0.8
2025-05-06,10.0,33.0,16.0,2339,16.0,2372.0,0.0,0.343200343200345,2318.714285714286,2309.4285714285716,-31742.0,1.0,0,15.036950823958627,5,2,Q2,2025,0.0713,2.1078,1.6667,0.8418
2025-05-07,10.0,30.0,15.0,2335,10.0,2365.0,5.0,-0.1710132535271524,2322.714285714286,2312.785714285714,-31737.0,0.6666666666666666,0,15.131111969145463,5,2,Q2,2025,0.0628,1.946,1.4667,0.8616
2025-05-08,15.0,24.0,16.0,2361,11.0,2385.0,5.0,1.1134903640257043,2330.8571428571427,2316.785714285714,-31732.0,0.6875,0,19.643666316293974,5,2,Q2,2025,0.0649,1.9093,1.5333,0.8602
2025-05-11,15.0,20.0,12.0,2385,3.0,2405.0,9.0,1.016518424396451,2341.714285714286,2322.285714285714,-31723.0,0.25,0,26.557422752763344,5,2,Q2,2025,0.0727,1.9242,1.7333,0.8438
2025-05-12,7.0,33.0,14.0,2392,7.0,2425.0,7.0,0.2935010482180367,2354.0,2328.5,-31716.0,0.5,0,31.852424131441325,5,2,Q2,2025,0.0892,1.9118,2.1333,0.8118
2025-05-13,18.0,29.0,12.0,2394,11.0,2423.0,1.0,0.0836120401337847,2362.4285714285716,2335.214285714286,-31715.0,0.9166666666666666,0,35.12215730900153,5,2,Q2,2025,0.0724,1.9198,1.7333,0.8452
2025-05-14,7.0,30.0,14.0,2394,11.0,2424.0,3.0,0.0,2371.4285714285716,2342.3571428571427,-31712.0,0.7857142857142857,0,36.24618206457122,5,2,Q2,2025,0.0627,1.9358,1.5,0.8645
2025-05-15,15.0,31.0,14.0,2410,14.0,2441.0,0.0,0.6683375104427736,2381.5714285714284,2350.1428571428573,-31712.0,1.0,0,38.326245561931145,5,2,Q2,2025,0.0678,1.9963,1.6333,0.8555
2025-05-18,13.0,28.0,14.0,2437,9.0,2465.0,5.0,1.120331950207465,2396.1428571428573,2359.4285714285716,-31707.0,0.6428571428571429,0,42.58153136230759,5,2,Q2,2025,0.0684,2.1158,1.6667,0.8547
2025-05-19,7.0,27.0,17.0,2457,6.0,2484.0,11.0,0.8206811653672652,2409.8571428571427,2370.3571428571427,-31696.0,0.35294117647058826,0,46.696412549866714,5,2,Q2,2025,0.0787,2.272,1.9333,0.8338
2025-05-21,14.0,62.0,13.0,2467,18.0,2529.0,-5.0,0.4070004070004129,2421.5714285714284,2381.6428571428573,-31701.0,1.3846153846153846,0,49.721698007205006,5,2,Q2,2025,0.0649,2.4281,1.6,0.8636
2025-05-22,18.0,36.0,17.0,2473,15.0,2509.0,2.0,0.2432103769760774,2433.1428571428573,2393.5714285714284,-31699.0,0.8823529411764706,0,50.20835708178075,5,2,Q2,2025,0.0526,2.5827,1.3,0.8892
2025-05-27,6.0,24.0,7.0,2504,11.0,2528.0,-4.0,1.2535382126971362,2448.8571428571427,2405.6428571428573,-31703.0,1.5714285714285714,0,55.118902443408,5,2,Q2,2025,0.0479,2.7947,1.2,0.8974
2025-05-28,12.0,39.0,12.0,2499,14.0,2538.0,-2.0,-0.1996805111821098,2463.8571428571427,2417.6428571428573,-31705.0,1.1666666666666667,0,55.900470814969026,5,2,Q2,2025,0.036,2.9633,0.9,0.9235
2025-05-29,13.0,38.0,15.0,2506,11.0,2544.0,4.0,0.2801120448179262,2477.5714285714284,2429.5714285714284,-31701.0,0.7333333333333333,0,55.64546326871755,5,2,Q2,2025,0.0466,3.1073,1.1667,0.9025
2025-06-01,8.0,24.0,16.0,2528,12.0,2552.0,4.0,0.8778930566640142,2490.5714285714284,2443.3571428571427,-31697.0,0.75,0,54.30484769787275,6,2,Q2,2025,0.0448,3.2776,1.1333,0.9063
2025-06-02,10.0,19.0,5.0,2518,16.0,2537.0,-11.0,-0.3955696202531666,2499.285714285714,2454.5714285714284,-31708.0,3.2,0,52.15762247639653,6,2,Q2,2025,0.0344,3.3858,0.8667,0.9284
2025-06-03,5.0,23.0,11.0,2519,15.0,2542.0,-4.0,0.0397140587768074,2506.714285714286,2464.1428571428573,-31712.0,1.3636363636363635,0,50.68281022911038,6,2,Q2,2025,0.0344,3.4563,0.8667,0.9286
2025-06-04,4.0,16.0,9.0,2516,16.0,2532.0,-7.0,-0.1190948789202117,2512.8571428571427,2473.0,-31719.0,1.7777777777777777,0,47.86198105743258,6,2,Q2,2025,0.0225,3.5174,0.5667,0.9537
2025-06-05,8.0,26.0,5.0,2503,21.0,2529.0,-16.0,-0.5166931637519911,2512.714285714286,2480.785714285714,-31735.0,4.2,0,42.59862506132915,6,2,Q2,2025,0.0027,3.5337,0.0667,0.9946
2025-06-08,10.0,16.0,15.0,2507,13.0,2523.0,2.0,0.1598082301238479,2513.8571428571427,2488.8571428571427,-31733.0,0.8666666666666667,0,34.89954185875377,6,2,Q2,2025,0.0093,3.5295,0.2333,0.981
2025-06-09,8.0,21.0,14.0,2516,9.0,2537.0,5.0,0.3589948145193533,2515.285714285714,2496.4285714285716,-31728.0,0.6428571428571429,0,27.10297822277751,6,2,Q2,2025,0.0252,3.507,0.6333,0.9497
2025-06-10,17.0,28.0,7.0,2511,12.0,2539.0,-5.0,-0.1987281399046137,2512.8571428571427,2501.714285714286,-31733.0,1.7142857142857142,0,21.192990754393414,6,2,Q2,2025,0.0265,3.4376,0.6667,0.9471
2025-06-17,7.0,24.0,10.0,2523,14.0,2547.0,-4.0,0.4778972520907976,2513.5714285714284,2506.4285714285716,-31737.0,1.4,0,17.500392459505175,6,2,Q2,2025,0.0106,3.3744,0.2667,0.9787
2025-06-19,8.0,19.0,7.0,2501,18.0,2520.0,-11.0,-0.8719778042013515,2511.0,2508.8571428571427,-31748.0,2.5714285714285716,0,13.512712775989389,6,2,Q2,2025,-0.0093,3.2676,-0.2333,1.0189
2025-06-22,7.0,13.0,5.0,2508,7.0,2521.0,-2.0,0.279888044782095,2509.8571428571427,2511.3571428571427,-31750.0,1.4,0,8.775903571113036,6,2,Q2,2025,-0.0066,3.1354,-0.1667,1.0137
2025-06-23,3.0,15.0,5.0,2495,17.0,2510.0,-12.0,-0.5183413078149957,2508.714285714286,2510.714285714286,-31762.0,3.4,0,9.643080989082256,6,2,Q2,2025,-0.0187,2.9735,-0.4667,1.0388
2025-06-24,5.0,20.0,5.0,2489,16.0,2509.0,-11.0,-0.2404809619238501,2506.1428571428573,2510.0,-31773.0,3.2,0,10.869859526545543,6,2,Q2,2025,-0.0308,2.7669,-0.7667,1.0653
2025-06-25,6.0,12.0,2.0,2470,24.0,2482.0,-22.0,-0.7633587786259555,2499.5714285714284,2507.4285714285716,-31795.0,12.0,0,15.260377480655611,6,2,Q2,2025,-0.0675,2.6046,-1.6667,1.1453
2025-06-26,3.0,9.0,7.0,2447,35.0,2456.0,-28.0,-0.9311740890688314,2490.4285714285716,2501.6428571428573,-31823.0,5.0,0,21.09905992321208,6,2,Q2,2025,-0.1103,2.4096,-2.7,1.2447
2025-06-29,5.0,17.0,7.0,2413,20.0,2430.0,-13.0,-1.389456477319162,2474.714285714286,2494.1428571428573,-31836.0,2.857142857142857,0,31.119761573837735,6,2,Q2,2025,-0.1299,2.2473,-3.1333,1.2919
2025-06-30,9.0,22.0,8.0,2407,16.0,2429.0,-8.0,-0.2486531288852012,2461.285714285714,2486.1428571428573,-31844.0,2.0,0,37.896330536145534,6,2,Q2,2025,-0.1482,2.0632,-3.5667,1.3397
2025-07-01,7.0,14.0,6.0,2391,22.0,2405.0,-16.0,-0.6647278770253395,2444.5714285714284,2477.214285714286,-31860.0,3.6666666666666665,0,44.475020770094936,7,3,Q3,2025,-0.1784,1.9846,-4.2667,1.4197
2025-07-02,8.0,20.0,9.0,2373,38.0,2393.0,-29.0,-0.7528230865746499,2427.1428571428573,2467.9285714285716,-31889.0,4.222222222222222,0,51.6667789196203,7,3,Q3,2025,-0.2332,2.0155,-5.5333,1.5497
2025-07-06,4.0,17.0,2.0,2332,8.0,2349.0,-6.0,-1.7277707543194245,2404.714285714286,2455.4285714285716,-31895.0,4.0,0,61.684949274566264,7,3,Q3,2025,-0.2559,2.1884,-5.9667,1.6172
2025-07-07,3.0,18.0,8.0,2317,20.0,2335.0,-12.0,-0.6432246998284707,2382.8571428571427,2441.214285714286,-31907.0,2.5,0,69.13217949501558,7,3,Q3,2025,-0.2762,2.4004,-6.4,1.6713
2025-07-08,5.0,16.0,8.0,2306,20.0,2322.0,-12.0,-0.4747518342684498,2362.714285714286,2426.5714285714284,-31919.0,2.5,0,74.70013313296475,7,3,Q3,2025,-0.2992,2.6281,-6.9,1.7393
2025-07-09,2.0,18.0,0.0,2281,32.0,2299.0,-32.0,-1.0841283607979202,2343.8571428571427,2409.285714285714,-31951.0,,0,78.5693506216996,7,3,Q3,2025,-0.3493,2.9339,-7.9667,1.8985
2025-07-10,2.0,12.0,3.0,2252,39.0,2264.0,-36.0,-1.2713722051731713,2321.714285714286,2391.5,-31987.0,13.0,0,84.19277330564502,7,3,Q3,2025,-0.4144,3.3133,-9.3333,2.098
2025-07-13,1.0,13.0,4.0,2204,10.0,2217.0,-6.0,-2.131438721136769,2295.0,2369.785714285714,-31993.0,2.5,0,90.77968136881259,7,3,Q3,2025,-0.4492,3.8018,-9.9,2.2273
2025-07-14,2.0,9.0,1.0,2181,26.0,2190.0,-25.0,-1.0435571687840262,2267.5714285714284,2347.3571428571427,-32018.0,26.0,0,96.09739221842246,7,3,Q3,2025,-0.4845,4.2846,-10.5667,2.3783
2025-07-15,0.0,8.0,5.0,2171,17.0,2179.0,-12.0,-0.4585052728106387,2244.5714285714284,2324.6428571428573,-32030.0,3.4,0,97.61274124170332,7,3,Q3,2025,-0.5082,4.7191,-11.0333,2.5183
2025-07-16,1.0,9.0,0.0,2164,11.0,2173.0,-11.0,-0.3224320589590101,2222.714285714286,2302.785714285714,-32041.0,,0,96.81717788718258,7,3,Q3,2025,-0.5206,5.083,-11.2667,2.6019
2025-07-17,3.0,16.0,2.0,2153,17.0,2169.0,-15.0,-0.5083179297597051,2200.8571428571427,2281.785714285714,-32056.0,8.5,0,94.99812028200999,7,3,Q3,2025,-0.5434,5.4215,-11.7,2.7463
2025-07-21,4.0,18.0,7.0,2121,16.0,2139.0,-9.0,-1.486298188574087,2178.0,2260.9285714285716,-32065.0,2.2857142857142856,0,96.02280521236328,7,3,Q3,2025,-0.5721,5.7831,-12.1333,2.886
2025-07-22,5.0,13.0,3.0,2117,16.0,2130.0,-13.0,-0.1885902876001877,2158.714285714286,2240.214285714286,-32078.0,5.333333333333333,0,93.33000059445682,7,3,Q3,2025,-0.5999,6.0617,-12.7,3.1167
2025-07-23,6.0,21.0,5.0,2111,14.0,2132.0,-9.0,-0.2834199338686782,2145.4285714285716,2220.214285714286,-32087.0,2.8,0,88.40307910687649,7,3,Q3,2025,-0.5985,6.3088,-12.6333,3.1056
2025-07-24,6.0,18.0,7.0,2096,29.0,2114.0,-22.0,-0.710563713879675,2133.285714285714,2200.4285714285716,-32109.0,4.142857142857143,0,82.36944381685181,7,3,Q3,2025,-0.6314,6.5336,-13.2333,3.2557
2025-07-27,1.0,12.0,2.0,2088,4.0,2100.0,-2.0,-0.3816793893129722,2121.4285714285716,2183.0,-32111.0,2.0,0,78.09166211753912,7,3,Q3,2025,-0.6258,6.7236,-13.0667,3.3195
2025-07-28,2.0,9.0,3.0,2080,14.0,2089.0,-11.0,-0.3831417624521105,2109.4285714285716,2166.0714285714284,-32122.0,4.666666666666667,0,72.2809308670353,7,3,Q3,2025,-0.6202,6.8959,-12.9,3.3174
2025-07-29,2.0,8.0,3.0,2072,12.0,2080.0,-9.0,-0.3846153846153832,2097.8571428571427,2149.3571428571427,-32131.0,4.0,0,64.01755425443385,7,3,Q3,2025,-0.6403,7.0234,-13.2667,3.5677
2025-07-30,4.0,15.0,4.0,2063,16.0,2078.0,-12.0,-0.4343629343629307,2089.5714285714284,2133.785714285714,-32143.0,4.0,0,55.47720054393402,7,3,Q3,2025,-0.6705,7.0948,-13.8333,3.8621
2025-07-31,2.0,9.0,6.0,2058,15.0,2067.0,-9.0,-0.2423654871546277,2081.1428571428573,2119.9285714285716,-32152.0,2.5,0,47.30500751755359,7,3,Q3,2025,-0.6787,7.1244,-13.9667,3.9097
2025-08-03,5.0,26.0,3.0,2049,5.0,2075.0,-2.0,-0.4373177842565634,2072.285714285714,2108.8571428571427,-32154.0,1.6666666666666667,0,44.14810239440641,8,3,Q3,2025,-0.6784,7.0792,-13.9,4.0438
2025-08-04,5.0,22.0,11.0,2040,14.0,2062.0,-3.0,-0.4392386530014613,2064.285714285714,2098.785714285714,-32157.0,1.2727272727272727,0,42.47565560004165,8,3,Q3,2025,-0.6683,7.0331,-13.6333,3.9007
2025-08-05,2.0,21.0,10.0,2042,14.0,2063.0,-4.0,0.0980392156862741,2057.714285714286,2089.5714285714284,-32161.0,1.4,0,39.49238346340168,8,3,Q3,2025,-0.6709,6.8913,-13.7,3.8151
2025-08-06,4.0,17.0,3.0,2036,13.0,2053.0,-10.0,-0.2938295788442735,2051.4285714285716,2080.4285714285716,-32171.0,4.333333333333333,0,35.556486556403875,8,3,Q3,2025,-0.6696,6.7158,-13.6333,3.8403
2025-08-07,4.0,18.0,6.0,2031,17.0,2049.0,-11.0,-0.2455795677799632,2045.571428571429,2071.714285714286,-32182.0,2.8333333333333335,0,31.06922437507381,8,3,Q3,2025,-0.6713,6.4813,-13.6333,3.8207
2025-08-10,0.0,18.0,8.0,2006,12.0,2024.0,-4.0,-1.230920728705076,2037.428571428571,2063.5,-32186.0,1.5,0,32.21741048615646,8,3,Q3,2025,-0.6497,6.263,-13.0333,3.5894
2025-08-11,6.0,23.0,4.0,1999,16.0,2022.0,-12.0,-0.3489531405782675,2029.0,2055.0714285714284,-32198.0,4.0,0,32.577633397381,8,3,Q3,2025,-0.6253,6.0371,-12.5,3.5338
2025-08-12,8.0,38.0,9.0,1999,9.0,2037.0,0.0,0.0,2021.857142857143,2047.071428571429,-32198.0,1.0,0,31.52157816610449,8,3,Q3,2025,-0.6036,5.8283,-12.0667,3.4133
2025-08-13,6.0,22.0,12.0,1997,17.0,2019.0,-5.0,-0.1000500250125102,2015.7142857142856,2040.0,-32203.0,1.4166666666666667,0,30.797102760381136,8,3,Q3,2025,-0.5992,5.554,-11.9667,3.3312
2025-08-14,3.0,27.0,4.0,1994,11.0,2021.0,-7.0,-0.1502253380070151,2008.857142857143,2033.2857142857144,-32210.0,2.75,0,29.756521124326365,8,3,Q3,2025,-0.5851,5.2445,-11.6667,3.3026
2025-08-17,4.0,14.0,2.0,1991,3.0,2005.0,-1.0,-0.1504513540621865,2002.428571428571,2026.928571428571,-32211.0,1.5,0,28.488767788056713,8,3,Q3,2025,-0.5391,4.9051,-10.7333,3.2207
2025-08-18,4.0,20.0,6.0,1985,14.0,2005.0,-8.0,-0.30135610246107,1995.857142857143,2020.7142857142856,-32219.0,2.3333333333333335,0,27.367663600697338,8,3,Q3,2025,-0.5441,4.6339,-10.8,3.1745
2025-08-19,5.0,35.0,3.0,1980,11.0,2015.0,-8.0,-0.2518891687657398,1992.142857142857,2014.7857142857144,-32227.0,3.6666666666666665,0,26.478375999602285,8,3,Q3,2025,-0.5387,4.3393,-10.6667,3.2222
2025-08-20,10.0,38.0,10.0,1983,10.0,2021.0,0.0,0.1515151515151469,1989.857142857143,2009.428571428571,-32227.0,1.0,0,24.58177650690957,8,3,Q3,2025,-0.5177,3.9849,-10.2667,3.1096
2025-08-21,6.0,49.0,8.0,1972,21.0,2021.0,-13.0,-0.5547150781644028,1986.0,2003.928571428571,-32240.0,2.625,0,23.64306463778367,8,3,Q3,2025,-0.4885,3.6566,-9.6333,2.8766
2025-08-24,4.0,21.0,5.0,1981,5.0,2002.0,0.0,0.4563894523326617,1983.7142857142856,1999.7142857142856,-32240.0,1.0,0,21.91391749988322,8,3,Q3,2025,-0.4257,3.3381,-8.4333,2.6218
2025-08-25,8.0,30.0,8.0,1980,11.0,2010.0,-3.0,-0.0504795557799142,1981.7142857142856,1995.2857142857144,-32243.0,1.375,0,18.74701441356607,8,3,Q3,2025,-0.4209,3.1414,-8.3333,2.5625
2025-08-26,10.0,21.0,20.0,1989,15.0,2010.0,5.0,0.454545454545463,1981.428571428571,1991.928571428571,-32238.0,0.75,0,14.65744381918489,8,3,Q3,2025,-0.3687,2.9602,-7.3333,2.2291
2025-08-27,5.0,19.0,9.0,1988,19.0,2007.0,-10.0,-0.0502765208647559,1981.857142857143,1988.857142857143,-32248.0,2.111111111111111,0,9.404230984586706,8,3,Q3,2025,-0.3655,2.7701,-7.2667,2.1913
2025-08-28,8.0,33.0,6.0,1984,17.0,2017.0,-11.0,-0.2012072434607659,1982.428571428571,1987.2857142857144,-32259.0,2.8333333333333335,0,8.061576208218261,8,3,Q3,2025,-0.3663,2.5636,-7.2667,2.1534
2025-09-01,10.0,29.0,17.0,2010,5.0,2039.0,12.0,1.310483870967749,1986.2857142857144,1988.071428571429,-32247.0,0.29411764705882354,0,9.66726662133325,9,3,Q3,2025,-0.3167,2.3193,-6.3667,1.9363
2025-09-02,6.0,35.0,9.0,2020,9.0,2055.0,0.0,0.4975124378109541,1993.142857142857,1989.571428571429,-32247.0,1.0,0,12.659531438234069,9,3,Q3,2025,-0.3003,2.1558,-6.0667,1.8835
2025-09-03,4.0,29.0,11.0,2019,10.0,2048.0,1.0,-0.0495049504950495,1998.571428571429,1991.142857142857,-32246.0,0.9090909090909091,0,14.831656075769938,9,3,Q3,2025,-0.2774,1.9797,-5.6,1.785
2025-09-04,11.0,40.0,2.0,2015,14.0,2055.0,-12.0,-0.1981178801386818,2003.571428571429,1992.642857142857,-32258.0,7.0,0,16.146479219343558,9,3,Q3,2025,-0.2829,1.7972,-5.7,1.8104
2025-09-07,4.0,19.0,9.0,2026,7.0,2045.0,2.0,0.5459057071960371,2008.857142857143,1995.142857142857,-32256.0,0.7777777777777778,0,18.42179788550892,9,3,Q3,2025,-0.2419,1.6479,-4.9,1.6901
2025-09-08,7.0,25.0,5.0,2025,6.0,2050.0,-1.0,-0.0493583415597242,2014.142857142857,1998.0,-32257.0,1.2,0,19.779554322650302,9,3,Q3,2025,-0.2403,1.5083,-4.8667,1.6759
2025-09-09,18.0,42.0,11.0,2023,14.0,2065.0,-3.0,-0.0987654320987685,2019.7142857142856,2001.071428571429,-32260.0,1.2727272727272727,0,20.105354378801202,9,3,Q3,2025,-0.2274,1.3799,-4.6,1.6161
2025-09-10,10.0,47.0,14.0,2025,18.0,2072.0,-4.0,0.0988630746416197,2021.857142857143,2004.071428571429,-32264.0,1.2857142857142858,0,20.333618564533726,9,3,Q3,2025,-0.2189,1.2678,-4.4333,1.566
2025-09-11,12.0,38.0,29.0,2047,6.0,2085.0,23.0,1.0864197530864097,2025.7142857142856,2009.428571428571,-32241.0,0.20689655172413793,0,21.099450541630723,9,3,Q3,2025,-0.1596,1.2187,-3.2667,1.3769
2025-09-14,7.0,39.0,13.0,2083,5.0,2122.0,8.0,1.7586712261846715,2034.857142857143,2016.7142857142856,-32233.0,0.38461538461538464,0,27.243710837396765,9,3,Q3,2025,-0.1296,1.3195,-2.7,1.3034
2025-09-15,9.0,47.0,10.0,2086,10.0,2133.0,0.0,0.1440230436869916,2045.0,2024.2857142857144,-32233.0,1.0,0,30.758184830022813,9,3,Q3,2025,-0.1262,1.4469,-2.6333,1.2883
2025-09-16,7.0,28.0,17.0,2095,12.0,2123.0,5.0,0.431447746883995,2054.8571428571427,2031.857142857143,-32228.0,0.7058823529411765,0,34.25213557109545,9,3,Q3,2025,-0.113,1.613,-2.3667,1.2536
2025-09-17,7.0,38.0,5.0,2096,13.0,2134.0,-8.0,0.0477326968973734,2065.0,2039.571428571429,-32236.0,2.6,0,35.744207245653975,9,3,Q3,2025,-0.1193,1.7595,-2.5,1.2727
2025-09-18,20.0,52.0,11.0,2096,14.0,2148.0,-3.0,0.0,2075.4285714285716,2047.571428571429,-32239.0,1.2727272727272727,0,34.87276716983896,9,3,Q3,2025,-0.1081,1.8955,-2.2667,1.2403
2025-09-21,8.0,35.0,13.0,2134,5.0,2169.0,8.0,1.8129770992366456,2091.0,2056.4285714285716,-32231.0,0.38461538461538464,0,39.97059358603844,9,3,Q3,2025,-0.0765,2.1636,-1.6333,1.169
2025-09-22,17.0,40.0,14.0,2141,10.0,2181.0,4.0,0.3280224929709474,2104.4285714285716,2065.0714285714284,-32227.0,0.7142857142857143,0,44.33172901854944,9,3,Q3,2025,-0.0638,2.4088,-1.3667,1.1385
2025-09-23,11.0,36.0,10.0,2145,15.0,2181.0,-5.0,0.1868285847734796,2113.285714285714,2074.0714285714284,-32232.0,1.5,0,46.97047237038575,9,3,Q3,2025,-0.0528,2.6178,-1.1333,1.1126
2025-09-24,3.0,38.0,12.0,2138,17.0,2176.0,-5.0,-0.3263403263403241,2120.714285714286,2082.8571428571427,-32237.0,1.4166666666666667,0,46.57311397176313,9,3,Q3,2025,-0.0608,2.7663,-1.3,1.1279
2025-09-25,6.0,35.0,12.0,2132,18.0,2167.0,-6.0,-0.280636108512633,2126.0,2090.4285714285716,-32243.0,1.5,0,45.21523617531452,9,3,Q3,2025,-0.0625,2.8688,-1.3333,1.1311
2025-09-28,11.0,29.0,12.0,2146,9.0,2175.0,3.0,0.6566604127579811,2133.1428571428573,2099.0714285714284,-32240.0,0.75,0,43.269218558891986,9,3,Q3,2025,-0.0466,2.982,-1.0,1.0958
2025-09-29,8.0,35.0,12.0,2148,13.0,2183.0,-1.0,0.0931966449207788,2140.5714285714284,2108.0,-32241.0,1.0833333333333333,0,39.056172564096784,9,3,Q3,2025,-0.0466,3.0698,-1.0,1.0929
2025-09-30,8.0,32.0,12.0,2159,7.0,2191.0,5.0,0.5121042830539935,2144.1428571428573,2117.5714285714284,-32236.0,0.5833333333333334,0,33.119165461270505,9,3,Q3,2025,-0.0262,3.1497,-0.5667,1.0517
2025-10-01,4.0,33.0,12.0,2163,14.0,2196.0,-2.0,0.1852709587772061,2147.285714285714,2125.8571428571427,-32238.0,1.1666666666666667,0,28.259395014141766,10,4,Q4,2025,-0.017,3.2009,-0.3667,1.0325
2025-10-02,20.0,51.0,15.0,2164,16.0,2215.0,-1.0,0.0462320850670439,2150.0,2131.6428571428573,-32239.0,1.0666666666666667,0,27.07711819308376,10,4,Q4,2025,-0.0185,3.2318,-0.4,1.035
2025-10-05,8.0,28.0,13.0,2180,16.0,2208.0,-3.0,0.7393715341959428,2156.0,2138.3571428571427,-32242.0,1.2307692307692308,0,26.537657257549224,10,4,Q4,2025,-0.0031,3.246,-0.0667,1.0057
2025-10-06,5.0,33.0,15.0,2187,10.0,2220.0,5.0,0.3211009174311829,2163.8571428571427,2144.9285714285716,-32237.0,0.6666666666666666,0,26.36566615164985,10,4,Q4,2025,0.0046,3.2654,0.1,0.9916
2025-10-07,11.0,45.0,4.0,2189,10.0,2234.0,-6.0,0.091449474165528,2170.0,2151.5714285714284,-32243.0,2.5,0,24.756395554503168,10,4,Q4,2025,0.0,3.2523,0.0,1.0
2025-10-08,8.0,49.0,15.0,2192,17.0,2241.0,-2.0,0.1370488807674652,2176.285714285714,2158.4285714285716,-32245.0,1.1333333333333333,0,21.22304366459925,10,4,Q4,2025,-0.0106,3.2353,-0.2333,1.0201
2025-10-09,11.0,55.0,13.0,2192,12.0,2247.0,1.0,0.0,2181.0,2162.5714285714284,-32244.0,0.9230769230769231,0,21.7422463121265,10,4,Q4,2025,0.0061,3.1821,0.1333,0.9887
2025-10-13,8.0,24.0,7.0,2223,6.0,2247.0,1.0,1.414233576642343,2189.5714285714284,2168.4285714285716,-32243.0,0.8571428571428571,0,26.093660549087918,10,4,Q4,2025,0.024,3.1555,0.5333,0.9548
2025-10-14,7.0,30.0,16.0,2235,8.0,2265.0,8.0,0.5398110661268607,2199.714285714286,2174.8571428571427,-32235.0,0.5,0,30.578668136903122,10,4,Q4,2025,0.0179,3.1923,0.4,0.966
2025-10-15,8.0,29.0,10.0,2225,15.0,2254.0,-5.0,-0.4474272930648726,2206.1428571428573,2181.0714285714284,-32240.0,1.5,0,31.342927764505845,10,4,Q4,2025,0.0105,3.19,0.2333,0.9802
2025-10-16,9.0,33.0,15.0,2233,9.0,2266.0,6.0,0.3595505617977501,2212.714285714286,2188.285714285714,-32234.0,0.6,0,30.798173200684875,10,4,Q4,2025,0.0179,3.1698,0.4,0.9665
2025-10-19,9.0,34.0,17.0,2237,7.0,2271.0,10.0,0.17913121361397,2219.5714285714284,2194.785714285714,-32224.0,0.4117647058823529,0,30.790054766099153,10,4,Q4,2025,0.0507,3.11,1.1333,0.9088
2025-10-20,10.0,39.0,6.0,2243,7.0,2282.0,-1.0,0.2682163611980259,2226.8571428571427,2201.5714285714284,-32225.0,1.1666666666666667,0,30.14762214256765,10,4,Q4,2025,0.0461,3.0576,1.0333,0.9162
2025-10-21,13.0,39.0,17.0,2251,9.0,2290.0,8.0,0.3566651805617438,2235.285714285714,2208.1428571428573,-32217.0,0.5294117647058824,0,30.18113813084283,10,4,Q4,2025,0.0592,2.9809,1.3333,0.8953
2025-10-22,12.0,42.0,13.0,2261,12.0,2303.0,1.0,0.4442470013327426,2240.714285714286,2215.1428571428573,-32216.0,0.9230769230769231,0,30.27021166522683,10,4,Q4,2025,0.0649,2.8764,1.4667,0.8854
2025-10-23,4.0,27.0,26.0,2266,18.0,2293.0,8.0,0.2211410880141429,2245.1428571428573,2222.4285714285716,-32208.0,0.6923076923076923,0,29.272497687266878,10,4,Q4,2025,0.0824,2.7395,1.8667,0.8586
2025-10-26,4.0,35.0,12.0,2276,10.0,2311.0,2.0,0.4413062665489908,2252.4285714285716,2229.285714285714,-32206.0,0.8333333333333334,0,29.808177946654222,10,4,Q4,2025,0.0513,2.6564,1.1667,0.9077
2025-10-27,2.0,31.0,8.0,2282,11.0,2313.0,-3.0,0.2636203866432263,2259.4285714285716,2236.0714285714284,-32209.0,1.375,0,30.251419001764038,10,4,Q4,2025,0.0351,2.6591,0.8,0.9358
2025-10-28,6.0,22.0,11.0,2286,6.0,2308.0,5.0,0.1752848378615334,2266.4285714285716,2243.0,-32204.0,0.5454545454545454,0,29.74507069652343,10,4,Q4,2025,0.0423,2.6446,0.9667,0.9227
2025-10-29,6.0,25.0,4.0,2280,17.0,2305.0,-13.0,-0.2624671916010457,2271.714285714286,2249.285714285714,-32217.0,4.25,0,27.33954186562941,10,4,Q4,2025,0.0161,2.6065,0.3667,0.9696
2025-10-30,3.0,17.0,14.0,2287,12.0,2304.0,2.0,0.3070175438596445,2276.8571428571427,2256.0714285714284,-32215.0,0.8571428571428571,0,23.555055918265634,10,4,Q4,2025,0.0306,2.555,0.7,0.9434
2025-11-02,5.0,21.0,10.0,2277,7.0,2298.0,3.0,-0.4372540445999107,2279.1428571428573,2259.9285714285716,-32212.0,0.7,0,22.099301365678688,11,4,Q4,2025,0.0395,2.448,0.9,0.927
2025-11-03,3.0,28.0,5.0,2269,12.0,2297.0,-7.0,-0.3513394817742599,2279.5714285714284,2262.3571428571427,-32219.0,2.4,0,20.989400778176503,11,4,Q4,2025,0.0176,2.4045,0.4,0.9669
2025-11-04,6.0,33.0,6.0,2270,8.0,2303.0,-2.0,0.0440722785367997,2278.714285714286,2265.5714285714284,-32221.0,1.3333333333333333,0,18.0712874069172,11,4,Q4,2025,0.0088,2.361,0.2,0.9831
2025-11-05,8.0,41.0,8.0,2272,7.0,2313.0,1.0,0.0881057268722562,2277.285714285714,2268.3571428571427,-32220.0,0.875,0,15.485015797786371,11,4,Q4,2025,0.0176,2.3129,0.4,0.9659
2025-11-06,6.0,33.0,9.0,2264,19.0,2297.0,-10.0,-0.3521126760563375,2274.1428571428573,2270.285714285714,-32230.0,2.111111111111111,0,12.712371752602959,11,4,Q4,2025,0.0103,2.2187,0.2333,0.9799
2025-11-09,11.0,33.0,5.0,2294,4.0,2327.0,1.0,1.3250883392226245,2276.1428571428573,2273.9285714285716,-32229.0,0.8,0,11.545657095816784,11,4,Q4,2025,0.0203,2.1307,0.4667,0.9591
2025-11-11,11.0,39.0,12.0,2294,14.0,2333.0,-2.0,0.0,2277.1428571428573,2277.0,-32231.0,1.1666666666666667,0,10.662659502408399,11,4,Q4,2025,0.0131,2.0569,0.3,0.9737
2025-11-12,14.0,48.0,20.0,2302,7.0,2350.0,13.0,0.3487358326067946,2280.714285714286,2279.9285714285716,-32218.0,0.35,0,11.52565222938197,11,4,Q4,2025,0.0333,1.9777,0.7667,0.9343
2025-11-13,6.0,26.0,16.0,2317,5.0,2343.0,11.0,0.6516072980017329,2287.5714285714284,2283.5714285714284,-32207.0,0.3125,0,14.468609446407234,11,4,Q4,2025,0.0417,1.9378,0.9667,0.9181
2025-11-16,5.0,22.0,3.0,2340,5.0,2362.0,-2.0,0.9926629261976628,2297.5714285714284,2288.1428571428573,-32209.0,1.6666666666666667,0,20.672751082878506,11,4,Q4,2025,0.0413,1.9421,0.9667,0.9159
2025-11-17,1.0,35.0,6.0,2343,8.0,2378.0,-2.0,0.1282051282051277,2307.714285714286,2292.5,-32211.0,1.3333333333333333,0,25.20912533135624,11,4,Q4,2025,0.0398,1.9218,0.9333,0.9167
2025-11-18,2.0,38.0,8.0,2345,12.0,2383.0,-4.0,0.0853606487409397,2319.285714285714,2296.714285714286,-32215.0,1.5,0,28.725299948214495,11,4,Q4,2025,0.0384,1.9221,0.9,0.9184
2025-11-19,7.0,32.0,3.0,2340,10.0,2372.0,-7.0,-0.2132196162046962,2325.8571428571427,2301.0,-32222.0,3.3333333333333335,0,30.463092422996763,11,4,Q4,2025,0.0214,1.8993,0.5,0.953
2025-11-20,18.0,57.0,8.0,2340,9.0,2397.0,-1.0,0.0,2332.4285714285716,2304.785714285714,-32223.0,1.125,0,31.851044111003045,11,4,Q4,2025,0.0285,1.8547,0.6667,0.9381
2025-11-23,3.0,46.0,22.0,2375,1.0,2421.0,21.0,1.4957264957264904,2342.8571428571427,2311.785714285714,-32202.0,0.045454545454545456,0,35.79896554424444,11,4,Q4,2025,0.0604,1.8881,1.4333,0.8697
2025-11-24,9.0,40.0,9.0,2371,13.0,2411.0,-4.0,-0.1684210526315843,2350.5714285714284,2319.0714285714284,-32206.0,1.4444444444444444,0,36.7872559152525,11,4,Q4,2025,0.0534,1.8699,1.2667,0.8834
2025-11-25,6.0,47.0,14.0,2375,11.0,2422.0,3.0,0.1687051876845258,2355.5714285714284,2326.5714285714284,-32203.0,0.7857142857142857,0,36.71661599442394,11,4,Q4,2025,0.0561,1.9178,1.3333,0.8799
2025-11-27,4.0,24.0,8.0,2389,7.0,2413.0,1.0,0.5894736842105175,2362.1428571428573,2334.9285714285716,-32202.0,0.875,0,36.655284613299735,11,4,Q4,2025,0.046,2.0048,1.1,0.8985
2025-11-30,4.0,18.0,10.0,2415,0.0,2433.0,10.0,1.08832147341984,2372.1428571428573,2345.714285714286,-32192.0,0.0,0,36.39405820322352,11,4,Q4,2025,0.0663,2.1195,1.6,0.8523
2025-12-01,4.0,26.0,4.0,2410,9.0,2436.0,-5.0,-0.2070393374741241,2382.1428571428573,2354.0,-32197.0,2.25,0,36.9157043917816,12,4,Q4,2025,0.0512,2.1959,1.2333,0.8822
2025-12-02,7.0,34.0,6.0,2407,8.0,2441.0,-2.0,-0.1244813278008294,2391.714285714286,2362.0714285714284,-32199.0,1.3333333333333333,0,35.0964917938522,12,4,Q4,2025,0.0346,2.2406,0.8333,0.9175
2025-12-03,4.0,32.0,8.0,2419,7.0,2451.0,1.0,0.4985459077690102,2398.0,2370.4285714285716,-32198.0,0.875,0,33.589637334093965,12,4,Q4,2025,0.0372,2.3014,0.9,0.9115
2025-12-04,16.0,39.0,7.0,2418,13.0,2457.0,-6.0,-0.0413393964448172,2404.714285714286,2377.6428571428573,-32204.0,1.8571428571428572,0,32.04229690863366,12,4,Q4,2025,0.0179,2.347,0.4333,0.9559
2025-12-07,4.0,24.0,13.0,2429,12.0,2453.0,1.0,0.454921422663368,2412.4285714285716,2384.0,-32203.0,0.9230769230769231,0,32.81885011771717,12,4,Q4,2025,0.0178,2.4133,0.4333,0.9559
2025-12-08,9.0,27.0,9.0,2440,4.0,2467.0,5.0,0.4528612597776815,2419.714285714286,2390.9285714285716,-32198.0,0.4444444444444444,0,33.72391136529804,12,4,Q4,2025,0.0137,2.4897,0.3333,0.964
2025-12-09,4.0,30.0,7.0,2443,8.0,2473.0,-1.0,0.1229508196721296,2423.714285714286,2397.9285714285716,-32199.0,1.1428571428571428,0,33.62797435637415,12,4,Q4,2025,0.0096,2.5635,0.2333,0.9744
2025-12-10,10.0,54.0,5.0,2439,9.0,2493.0,-4.0,-0.1637331150225129,2427.8571428571427,2405.0,-32203.0,1.8,0,30.799600396558773,12,4,Q4,2025,0.0082,2.6139,0.2,0.9778
2025-12-11,7.0,47.0,9.0,2437,10.0,2484.0,-1.0,-0.0820008200081989,2432.1428571428573,2411.9285714285716,-32204.0,1.1111111111111112,0,25.508563525983803,12,4,Q4,2025,0.0,2.6465,0.0,1.0
2025-12-14,8.0,35.0,4.0,2462,8.0,2497.0,-4.0,1.0258514567090593,2438.285714285714,2418.1428571428573,-32208.0,2.0,0,26.401798140037705,12,4,Q4,2025,0.0122,2.7013,0.3,0.9664
2025-12-15,11.0,42.0,9.0,2470,7.0,2512.0,2.0,0.3249390739236357,2445.714285714286,2425.214285714286,-32206.0,0.7777777777777778,0,26.059631531868725,12,4,Q4,2025,0.0121,2.7606,0.3,0.9658
2025-12-16,8.0,54.0,15.0,2468,9.0,2522.0,6.0,-0.0809716599190268,2451.285714285714,2431.8571428571427,-32200.0,0.6,0,24.050770474393374,12,4,Q4,2025,0.0162,2.7692,0.4,0.9552
2025-12-17,7.0,31.0,11.0,2481,10.0,2512.0,1.0,0.5267423014586603,2457.1428571428573,2438.4285714285716,-32199.0,0.9090909090909091,0,24.00869805695422,12,4,Q4,2025,0.0269,2.7589,0.6667,0.927
2025-12-18,11.0,50.0,6.0,2472,16.0,2522.0,-10.0,-0.3627569528415919,2461.285714285714,2442.5,-32209.0,2.6666666666666665,0,24.556841440032393,12,4,Q4,2025,0.0162,2.7003,0.4,0.9562
2025-12-21,6.0,18.0,11.0,2484,14.0,2502.0,-3.0,0.4854368932038833,2467.714285714286,2447.785714285714,-32212.0,1.2727272727272727,0,24.98362100764758,12,4,Q4,2025,0.0107,2.6385,0.2667,0.9711
